event_id,timestamp,ue_id,source_cell,target_cell,ho_type,rsrp_source_dbm,rsrp_target_dbm,velocity_mps,success,failure_cause,delay_ms
HO_00000,488,UE_0011,CELL_005,CELL_001,inter_rat,-78.6,-72.72,19.55,1,,25.65
HO_00001,95,UE_0000,CELL_006,CELL_002,inter_freq,-93.31,-92.23,0.95,1,,64.31
HO_00002,451,UE_0011,CELL_003,CELL_003,inter_rat,-96.94,-85.44,2.2,1,,41.79
HO_00003,307,UE_0001,CELL_001,CELL_001,inter_rat,-87.31,-90.16,28.91,1,,42.83
HO_00004,6,UE_0040,CELL_000,CELL_001,intra_freq,-101.42,-96.15,25.13,1,,44.71
HO_00005,406,UE_0046,CELL_004,CELL_001,intra_freq,-96.42,-101.6,9.32,1,,47.46
HO_00006,85,UE_0032,CELL_003,CELL_002,intra_freq,-94.97,-81.15,25.66,1,,48.6
HO_00007,422,UE_0006,CELL_002,CELL_002,inter_freq,-98.76,-86.17,9.17,1,,20.94
HO_00008,106,UE_0011,CELL_004,CELL_005,inter_rat,-87.55,-97.77,13.3,1,,77.58
HO_00009,236,UE_0031,CELL_005,CELL_006,intra_freq,-97.48,-83.87,7.06,1,,73.26
HO_00010,132,UE_0019,CELL_006,CELL_004,inter_rat,-91.25,-83.06,13.92,1,,35.63
HO_00011,325,UE_0033,CELL_004,CELL_004,inter_rat,-93.72,-83.19,1.79,1,,39.69
HO_00012,133,UE_0004,CELL_005,CELL_002,intra_freq,-91.99,-81.28,24.65,1,,27.7
HO_00013,48,UE_0043,CELL_004,CELL_006,inter_freq,-89.51,-68.58,5.87,1,,37.31
HO_00014,128,UE_0039,CELL_002,CELL_002,intra_freq,-78.03,-74.8,21.77,1,,24.34
HO_00015,9,UE_0015,CELL_000,CELL_004,inter_rat,-95.37,-87.42,24.96,1,,63.64
HO_00016,459,UE_0026,CELL_000,CELL_000,inter_freq,-94.05,-84.91,22.89,1,,45.13
HO_00017,190,UE_0027,CELL_001,CELL_001,inter_rat,-86.27,-81.86,33.3,1,,75.44
HO_00018,30,UE_0012,CELL_001,CELL_004,inter_freq,-95.56,-80.99,31.23,1,,46.94
HO_00019,82,UE_0011,CELL_004,CELL_001,inter_freq,-114.44,-80.42,31.43,1,,72.28
HO_00020,31,UE_0001,CELL_004,CELL_003,inter_rat,-95.68,-88.86,30.24,1,,58.77
HO_00021,307,UE_0032,CELL_002,CELL_006,inter_rat,-85.41,-89.12,3.47,1,,33.72
HO_00022,256,UE_0024,CELL_004,CELL_005,inter_rat,-105.6,-89.87,22.65,1,,55.82
HO_00023,236,UE_0012,CELL_000,CELL_001,inter_freq,-97.15,-91.62,4.9,1,,68.83
HO_00024,308,UE_0016,CELL_002,CELL_006,inter_freq,-96.1,-83.87,25.55,1,,24.31
HO_00025,400,UE_0011,CELL_001,CELL_005,inter_rat,-92.62,-89.78,23.96,1,,22.81
HO_00026,116,UE_0037,CELL_005,CELL_006,inter_rat,-90.65,-97.25,7.74,1,,25.83
HO_00027,133,UE_0015,CELL_004,CELL_001,intra_freq,-82.25,-77.37,22.89,1,,78.07
HO_00028,294,UE_0028,CELL_002,CELL_005,inter_rat,-97.18,-85.96,34.4,1,,68.16
HO_00029,302,UE_0027,CELL_001,CELL_006,inter_rat,-96.76,-84.63,15.31,1,,51.53
HO_00030,325,UE_0003,CELL_003,CELL_006,inter_rat,-92.96,-84.82,1.54,1,,36.76
HO_00031,472,UE_0036,CELL_001,CELL_000,inter_rat,-93.44,-92.69,22.09,1,,38.24
HO_00032,120,UE_0042,CELL_004,CELL_002,intra_freq,-88.94,-87.36,25.73,1,,55.0
HO_00033,101,UE_0006,CELL_003,CELL_006,inter_freq,-86.7,-84.61,16.4,1,,65.31
HO_00034,468,UE_0049,CELL_001,CELL_004,intra_freq,-94.95,-77.94,28.78,1,,54.93
HO_00035,297,UE_0047,CELL_004,CELL_004,intra_freq,-77.29,-87.09,25.73,1,,34.46
HO_00036,380,UE_0030,CELL_005,CELL_004,inter_freq,-103.88,-82.28,18.63,1,,78.4
HO_00037,372,UE_0005,CELL_001,CELL_005,intra_freq,-99.21,-87.52,6.79,1,,76.97
HO_00038,339,UE_0038,CELL_002,CELL_000,intra_freq,-92.53,-83.95,12.45,1,,49.3
HO_00039,286,UE_0005,CELL_005,CELL_000,inter_freq,-108.79,-74.72,31.03,1,,77.1
HO_00040,302,UE_0006,CELL_003,CELL_004,inter_rat,-91.38,-79.99,1.75,1,,27.18
HO_00041,218,UE_0015,CELL_006,CELL_005,intra_freq,-103.58,-92.36,16.13,1,,40.78
HO_00042,130,UE_0016,CELL_004,CELL_002,inter_rat,-101.42,-77.18,1.84,1,,76.29
HO_00043,402,UE_0015,CELL_004,CELL_002,intra_freq,-73.93,-88.51,16.2,1,,63.27
HO_00044,461,UE_0019,CELL_001,CELL_006,inter_freq,-89.39,-96.85,8.3,1,,23.55
HO_00045,143,UE_0038,CELL_003,CELL_006,inter_rat,-95.45,-85.42,4.03,1,,67.93
HO_00046,271,UE_0007,CELL_001,CELL_000,inter_rat,-100.24,-91.12,0.54,1,,20.93
HO_00047,177,UE_0010,CELL_000,CELL_004,inter_freq,-104.39,-82.04,7.16,1,,76.46
HO_00048,98,UE_0024,CELL_006,CELL_001,inter_freq,-77.1,-89.62,19.78,1,,68.69
HO_00049,401,UE_0047,CELL_004,CELL_006,inter_freq,-99.28,-84.54,23.52,1,,65.1
HO_00050,397,UE_0037,CELL_004,CELL_004,inter_freq,-91.83,-88.68,31.14,1,,72.22
HO_00051,111,UE_0004,CELL_002,CELL_006,intra_freq,-89.64,-86.89,3.6,1,,62.68
HO_00052,119,UE_0022,CELL_005,CELL_003,intra_freq,-87.66,-79.72,19.71,1,,22.58
HO_00053,149,UE_0045,CELL_001,CELL_006,intra_freq,-99.81,-77.45,6.89,1,,40.9
HO_00054,104,UE_0049,CELL_000,CELL_001,inter_freq,-105.43,-88.15,11.65,1,,58.2
HO_00055,319,UE_0010,CELL_004,CELL_000,inter_freq,-90.72,-90.11,29.46,1,,37.33
HO_00056,486,UE_0008,CELL_001,CELL_006,intra_freq,-89.31,-79.84,13.53,1,,38.74
HO_00057,17,UE_0009,CELL_001,CELL_001,inter_freq,-88.63,-92.42,27.1,1,,44.15
HO_00058,116,UE_0028,CELL_006,CELL_006,inter_rat,-85.53,-95.22,33.88,1,,45.48
HO_00059,14,UE_0042,CELL_001,CELL_006,inter_rat,-119.49,-91.56,28.57,1,,31.28
HO_00060,390,UE_0006,CELL_004,CELL_001,inter_freq,-89.05,-90.31,9.22,1,,28.4
HO_00061,82,UE_0022,CELL_006,CELL_003,inter_rat,-109.11,-85.87,13.29,1,,32.45
HO_00062,61,UE_0033,CELL_004,CELL_001,intra_freq,-86.42,-73.69,10.78,1,,20.53
HO_00063,315,UE_0027,CELL_000,CELL_005,inter_rat,-82.04,-96.04,6.35,1,,74.36
HO_00064,253,UE_0017,CELL_000,CELL_005,inter_freq,-104.38,-87.17,2.05,1,,74.59
HO_00065,420,UE_0006,CELL_001,CELL_002,inter_rat,-97.99,-85.87,30.7,1,,79.22
HO_00066,71,UE_0003,CELL_003,CELL_003,inter_freq,-100.1,-88.65,3.91,1,,24.83
HO_00067,262,UE_0008,CELL_000,CELL_000,inter_freq,-83.8,-102.32,27.22,1,,32.94
HO_00068,462,UE_0004,CELL_002,CELL_006,inter_rat,-88.3,-79.39,14.7,1,,23.72
HO_00069,453,UE_0009,CELL_001,CELL_006,inter_rat,-73.64,-72.7,24.0,1,,71.64
HO_00070,165,UE_0029,CELL_006,CELL_000,inter_rat,-97.45,-98.59,8.76,1,,60.12
HO_00071,196,UE_0025,CELL_000,CELL_005,inter_freq,-112.65,-84.62,5.4,1,,33.36
HO_00072,51,UE_0014,CELL_000,CELL_003,inter_rat,-93.61,-79.66,1.19,1,,27.07
HO_00073,207,UE_0004,CELL_000,CELL_001,inter_rat,-90.91,-93.68,7.04,1,,79.49
HO_00074,448,UE_0004,CELL_005,CELL_003,intra_freq,-88.68,-88.67,16.95,1,,26.21
HO_00075,42,UE_0016,CELL_006,CELL_006,intra_freq,-106.24,-79.02,18.46,1,,23.26
HO_00076,72,UE_0006,CELL_003,CELL_001,inter_rat,-85.96,-100.58,11.56,1,,70.82
HO_00077,318,UE_0017,CELL_006,CELL_002,inter_freq,-104.33,-86.54,31.76,1,,54.7
HO_00078,378,UE_0025,CELL_005,CELL_002,inter_rat,-103.49,-85.01,21.51,1,,24.35
HO_00079,485,UE_0016,CELL_000,CELL_001,inter_freq,-102.04,-103.04,22.35,1,,75.52
HO_00080,451,UE_0021,CELL_001,CELL_003,inter_rat,-111.94,-91.21,12.31,1,,56.65
HO_00081,363,UE_0009,CELL_004,CELL_000,intra_freq,-92.93,-81.75,1.71,1,,36.0
HO_00082,109,UE_0007,CELL_005,CELL_003,inter_freq,-76.77,-89.45,25.38,1,,61.87
HO_00083,9,UE_0003,CELL_000,CELL_003,intra_freq,-89.01,-87.49,13.22,1,,42.12
HO_00084,278,UE_0020,CELL_004,CELL_002,inter_freq,-104.68,-87.91,8.27,1,,73.06
HO_00085,478,UE_0040,CELL_004,CELL_005,inter_freq,-107.33,-98.72,34.71,1,,45.59
HO_00086,15,UE_0037,CELL_005,CELL_006,intra_freq,-100.25,-77.16,20.99,1,,31.96
HO_00087,422,UE_0005,CELL_001,CELL_002,inter_freq,-96.21,-92.71,33.12,1,,24.32
HO_00088,284,UE_0039,CELL_004,CELL_003,inter_freq,-85.41,-77.57,13.81,1,,30.32
HO_00089,98,UE_0041,CELL_003,CELL_006,intra_freq,-108.45,-70.51,0.58,1,,47.22
HO_00090,439,UE_0036,CELL_006,CELL_005,intra_freq,-87.86,-78.85,18.95,1,,70.97
HO_00091,309,UE_0026,CELL_001,CELL_004,inter_freq,-91.36,-87.37,20.89,1,,50.48
HO_00092,285,UE_0049,CELL_006,CELL_000,intra_freq,-97.85,-78.95,17.15,1,,44.88
HO_00093,185,UE_0017,CELL_000,CELL_000,intra_freq,-85.74,-91.41,33.79,1,,31.97
HO_00094,169,UE_0025,CELL_006,CELL_006,inter_rat,-102.5,-78.77,24.05,1,,40.21
HO_00095,40,UE_0036,CELL_003,CELL_002,inter_rat,-100.38,-77.73,13.29,1,,20.43
HO_00096,498,UE_0039,CELL_005,CELL_005,inter_freq,-68.82,-88.19,10.59,1,,35.59
HO_00097,253,UE_0040,CELL_006,CELL_002,inter_rat,-99.65,-111.4,0.35,1,,41.03
HO_00098,303,UE_0018,CELL_004,CELL_000,inter_freq,-101.29,-79.89,13.41,1,,33.88
HO_00099,359,UE_0006,CELL_001,CELL_005,inter_rat,-102.35,-77.19,27.73,1,,52.13
HO_00100,281,UE_0010,CELL_002,CELL_006,inter_freq,-94.02,-84.32,13.47,1,,76.43
HO_00101,286,UE_0043,CELL_001,CELL_002,inter_rat,-90.6,-92.59,0.94,1,,23.05
HO_00102,289,UE_0018,CELL_006,CELL_003,inter_freq,-88.21,-90.48,23.35,1,,37.75
HO_00103,11,UE_0037,CELL_000,CELL_001,inter_rat,-99.57,-87.79,5.96,1,,63.63
HO_00104,17,UE_0025,CELL_005,CELL_002,intra_freq,-101.38,-95.68,22.82,1,,70.15
HO_00105,492,UE_0001,CELL_003,CELL_003,inter_freq,-96.93,-103.28,18.55,1,,65.84
HO_00106,342,UE_0019,CELL_001,CELL_004,inter_rat,-87.77,-86.99,5.76,1,,45.55
HO_00107,132,UE_0032,CELL_005,CELL_005,inter_rat,-95.4,-86.44,23.03,1,,72.88
HO_00108,172,UE_0023,CELL_001,CELL_001,inter_rat,-104.68,-88.83,4.92,1,,68.78
HO_00109,407,UE_0025,CELL_003,CELL_002,inter_freq,-91.19,-84.25,27.17,1,,48.2
HO_00110,97,UE_0005,CELL_002,CELL_001,inter_freq,-123.08,-94.99,0.95,1,,40.95
HO_00111,160,UE_0017,CELL_005,CELL_003,inter_rat,-107.42,-92.27,24.99,1,,40.6
HO_00112,463,UE_0025,CELL_002,CELL_000,inter_freq,-104.36,-103.14,16.63,1,,59.31
HO_00113,486,UE_0017,CELL_006,CELL_001,inter_rat,-91.83,-95.19,32.44,1,,77.68
HO_00114,104,UE_0020,CELL_001,CELL_006,intra_freq,-93.9,-91.28,19.04,1,,63.67
HO_00115,122,UE_0012,CELL_000,CELL_006,inter_freq,-92.25,-89.08,31.28,1,,32.58
HO_00116,461,UE_0001,CELL_004,CELL_002,intra_freq,-93.2,-92.49,12.78,1,,79.1
HO_00117,240,UE_0008,CELL_006,CELL_003,intra_freq,-93.92,-81.6,17.95,1,,75.01
HO_00118,33,UE_0017,CELL_006,CELL_004,inter_freq,-94.76,-82.97,34.21,1,,51.71
HO_00119,313,UE_0041,CELL_003,CELL_000,intra_freq,-96.48,-86.93,11.01,1,,29.7
HO_00120,54,UE_0030,CELL_005,CELL_001,inter_freq,-100.76,-100.06,19.86,1,,35.96
HO_00121,406,UE_0046,CELL_005,CELL_006,intra_freq,-98.39,-70.95,3.15,1,,56.98
HO_00122,247,UE_0047,CELL_000,CELL_002,inter_freq,-100.69,-93.13,4.25,1,,50.77
HO_00123,47,UE_0030,CELL_006,CELL_006,inter_rat,-88.72,-86.42,10.14,1,,70.5
HO_00124,200,UE_0021,CELL_005,CELL_006,inter_freq,-95.49,-84.57,32.52,1,,56.41
HO_00125,53,UE_0040,CELL_003,CELL_000,inter_rat,-102.12,-88.95,32.75,1,,70.4
HO_00126,40,UE_0046,CELL_000,CELL_004,inter_rat,-88.86,-77.03,21.67,1,,68.16
HO_00127,466,UE_0023,CELL_006,CELL_004,intra_freq,-89.73,-90.39,34.25,1,,23.92
HO_00128,86,UE_0012,CELL_006,CELL_002,intra_freq,-98.62,-75.84,11.39,1,,67.13
HO_00129,329,UE_0008,CELL_001,CELL_003,inter_rat,-92.79,-88.49,4.4,1,,39.59
HO_00130,222,UE_0006,CELL_002,CELL_005,intra_freq,-93.27,-90.28,5.0,1,,50.32
HO_00131,104,UE_0004,CELL_001,CELL_004,inter_freq,-101.97,-93.37,24.61,1,,63.37
HO_00132,334,UE_0004,CELL_006,CELL_001,intra_freq,-94.91,-89.19,15.15,1,,60.02
HO_00133,215,UE_0007,CELL_000,CELL_004,inter_rat,-86.27,-77.58,22.74,1,,62.65
HO_00134,183,UE_0032,CELL_003,CELL_004,intra_freq,-84.18,-103.23,0.15,1,,36.29
HO_00135,347,UE_0016,CELL_000,CELL_002,inter_rat,-101.75,-86.23,19.15,1,,54.29
HO_00136,333,UE_0025,CELL_000,CELL_000,inter_rat,-82.07,-84.94,13.15,1,,21.3
HO_00137,475,UE_0019,CELL_004,CELL_006,inter_rat,-99.98,-112.55,25.85,1,,31.07
HO_00138,354,UE_0012,CELL_004,CELL_004,inter_freq,-98.49,-93.42,12.36,1,,46.66
HO_00139,441,UE_0042,CELL_005,CELL_006,inter_freq,-107.45,-77.82,18.76,1,,62.51
HO_00140,472,UE_0018,CELL_003,CELL_006,inter_rat,-97.61,-94.17,21.13,1,,29.34
HO_00141,380,UE_0033,CELL_000,CELL_006,intra_freq,-92.48,-95.11,11.72,1,,64.08
HO_00142,304,UE_0047,CELL_005,CELL_004,intra_freq,-89.94,-75.78,5.71,1,,67.41
HO_00143,262,UE_0007,CELL_001,CELL_000,inter_rat,-106.05,-94.91,25.44,1,,35.87
HO_00144,208,UE_0023,CELL_000,CELL_004,intra_freq,-97.04,-96.9,4.91,1,,39.57
HO_00145,290,UE_0034,CELL_000,CELL_004,intra_freq,-100.94,-80.4,19.99,1,,44.66
HO_00146,441,UE_0049,CELL_004,CELL_003,inter_rat,-93.93,-101.22,8.11,1,,27.92
HO_00147,111,UE_0044,CELL_000,CELL_000,inter_freq,-83.76,-88.97,30.86,1,,29.17
HO_00148,209,UE_0043,CELL_002,CELL_003,inter_rat,-91.38,-84.52,10.35,1,,65.16
HO_00149,100,UE_0002,CELL_003,CELL_005,inter_rat,-98.74,-95.79,34.06,1,,25.98
HO_00150,19,UE_0040,CELL_004,CELL_000,inter_rat,-98.85,-88.7,17.27,1,,78.1
HO_00151,145,UE_0014,CELL_005,CELL_001,intra_freq,-107.09,-64.35,4.56,1,,38.89
HO_00152,439,UE_0034,CELL_004,CELL_000,intra_freq,-122.62,-84.97,29.76,1,,75.02
HO_00153,193,UE_0033,CELL_005,CELL_001,intra_freq,-91.37,-73.74,22.06,1,,69.01
HO_00154,383,UE_0023,CELL_000,CELL_000,inter_freq,-96.17,-82.06,7.95,1,,62.57
HO_00155,388,UE_0015,CELL_002,CELL_004,inter_rat,-82.2,-89.25,29.51,1,,33.05
HO_00156,133,UE_0023,CELL_005,CELL_005,inter_rat,-96.65,-93.03,23.99,1,,70.13
HO_00157,135,UE_0002,CELL_006,CELL_000,inter_freq,-98.34,-78.92,26.05,1,,49.49
HO_00158,73,UE_0041,CELL_005,CELL_002,inter_freq,-98.07,-89.19,3.45,1,,56.4
HO_00159,26,UE_0032,CELL_006,CELL_001,inter_freq,-96.62,-86.45,21.22,1,,49.5
HO_00160,63,UE_0007,CELL_004,CELL_004,intra_freq,-91.21,-97.75,32.35,1,,28.9
HO_00161,89,UE_0025,CELL_005,CELL_005,inter_freq,-93.12,-78.65,11.99,1,,78.82
HO_00162,376,UE_0014,CELL_002,CELL_005,inter_rat,-98.78,-78.94,10.12,1,,65.4
HO_00163,156,UE_0021,CELL_006,CELL_006,intra_freq,-103.37,-87.07,20.32,1,,25.14
HO_00164,181,UE_0008,CELL_002,CELL_000,inter_freq,-88.17,-88.72,32.43,1,,34.87
HO_00165,58,UE_0003,CELL_002,CELL_004,inter_freq,-88.21,-92.12,11.29,1,,41.83
HO_00166,27,UE_0047,CELL_002,CELL_004,inter_freq,-94.9,-92.14,26.99,1,,21.51
HO_00167,252,UE_0039,CELL_005,CELL_001,intra_freq,-79.8,-94.92,26.0,1,,27.36
HO_00168,136,UE_0045,CELL_002,CELL_002,intra_freq,-89.79,-78.36,14.99,1,,21.83
HO_00169,220,UE_0003,CELL_006,CELL_001,inter_freq,-97.45,-88.69,33.62,1,,61.88
HO_00170,211,UE_0038,CELL_004,CELL_002,inter_rat,-100.24,-79.22,9.15,1,,60.27
HO_00171,249,UE_0035,CELL_003,CELL_004,intra_freq,-82.4,-93.45,3.48,1,,55.45
HO_00172,78,UE_0016,CELL_000,CELL_003,inter_freq,-92.48,-82.83,33.79,1,,78.8
HO_00173,206,UE_0003,CELL_003,CELL_001,intra_freq,-87.16,-83.24,18.99,1,,71.55
HO_00174,410,UE_0025,CELL_001,CELL_001,inter_rat,-89.81,-86.74,0.15,1,,52.51
HO_00175,40,UE_0034,CELL_005,CELL_001,intra_freq,-106.11,-81.88,12.61,1,,53.58
HO_00176,110,UE_0012,CELL_002,CELL_005,inter_rat,-87.82,-82.55,5.26,1,,79.11
HO_00177,7,UE_0002,CELL_002,CELL_002,inter_freq,-84.77,-93.23,18.99,1,,25.31
HO_00178,315,UE_0009,CELL_002,CELL_001,intra_freq,-98.11,-93.96,15.58,1,,73.96
HO_00179,211,UE_0023,CELL_005,CELL_001,inter_rat,-93.75,-84.27,8.43,1,,60.26
HO_00180,195,UE_0023,CELL_004,CELL_005,inter_rat,-81.65,-109.23,20.14,1,,30.32
HO_00181,348,UE_0008,CELL_001,CELL_001,inter_rat,-105.15,-105.35,32.77,1,,65.98
HO_00182,61,UE_0034,CELL_000,CELL_005,inter_rat,-86.13,-83.17,6.0,0,rlf,60.01
HO_00183,387,UE_0002,CELL_002,CELL_006,inter_rat,-96.55,-101.41,17.07,1,,25.45
HO_00184,310,UE_0043,CELL_002,CELL_004,inter_freq,-91.89,-92.42,19.37,1,,77.91
HO_00185,216,UE_0032,CELL_004,CELL_002,intra_freq,-88.58,-77.5,25.96,1,,40.53
HO_00186,230,UE_0028,CELL_003,CELL_001,intra_freq,-97.52,-85.01,0.58,1,,77.78
HO_00187,160,UE_0010,CELL_003,CELL_002,inter_rat,-95.24,-90.92,8.51,1,,46.1
HO_00188,149,UE_0040,CELL_004,CELL_006,inter_rat,-99.21,-90.82,20.99,1,,20.94
HO_00189,143,UE_0010,CELL_001,CELL_005,inter_freq,-98.95,-82.93,6.31,1,,57.8
HO_00190,99,UE_0017,CELL_002,CELL_002,inter_rat,-89.33,-98.61,21.07,1,,78.24
HO_00191,141,UE_0019,CELL_000,CELL_005,inter_rat,-92.43,-97.0,11.67,1,,34.78
HO_00192,371,UE_0043,CELL_005,CELL_001,inter_freq,-107.7,-98.89,15.23,1,,50.74
HO_00193,474,UE_0010,CELL_004,CELL_000,inter_rat,-97.76,-87.47,17.47,1,,74.86
HO_00194,445,UE_0031,CELL_004,CELL_001,intra_freq,-100.76,-99.01,15.72,1,,78.61
HO_00195,361,UE_0006,CELL_001,CELL_006,inter_rat,-89.52,-90.59,12.82,1,,63.52
HO_00196,60,UE_0035,CELL_004,CELL_003,intra_freq,-102.16,-92.71,15.65,1,,52.29
HO_00197,160,UE_0012,CELL_003,CELL_005,inter_rat,-89.07,-82.78,5.78,1,,46.66
HO_00198,366,UE_0014,CELL_006,CELL_005,intra_freq,-98.57,-88.59,10.03,1,,40.03
HO_00199,446,UE_0025,CELL_005,CELL_006,intra_freq,-85.56,-89.83,16.23,1,,79.39
HO_00200,76,UE_0027,CELL_001,CELL_000,inter_rat,-105.11,-82.63,22.49,1,,22.85
HO_00201,193,UE_0021,CELL_006,CELL_002,inter_freq,-88.04,-87.21,10.53,1,,42.45
HO_00202,132,UE_0008,CELL_000,CELL_001,intra_freq,-95.42,-86.1,22.94,0,rlf,67.92
HO_00203,481,UE_0025,CELL_003,CELL_000,inter_rat,-84.5,-85.87,1.69,1,,49.2
HO_00204,297,UE_0033,CELL_005,CELL_002,inter_rat,-90.43,-78.62,30.38,1,,53.21
HO_00205,142,UE_0044,CELL_004,CELL_003,inter_freq,-109.54,-98.34,18.18,1,,74.31
HO_00206,410,UE_0029,CELL_002,CELL_001,intra_freq,-87.09,-86.8,30.31,1,,39.29
HO_00207,100,UE_0015,CELL_000,CELL_000,inter_freq,-97.03,-97.85,19.84,1,,48.94
HO_00208,275,UE_0049,CELL_004,CELL_000,inter_freq,-94.52,-81.55,21.97,1,,71.7
HO_00209,423,UE_0026,CELL_002,CELL_005,inter_rat,-81.28,-80.79,20.83,1,,74.26
HO_00210,302,UE_0029,CELL_002,CELL_005,inter_freq,-102.27,-94.57,28.1,0,rlf,62.22
HO_00211,275,UE_0002,CELL_001,CELL_005,inter_freq,-89.91,-89.34,4.62,1,,36.97
HO_00212,368,UE_0031,CELL_005,CELL_003,inter_rat,-88.31,-90.1,20.41,1,,57.27
HO_00213,160,UE_0031,CELL_000,CELL_000,inter_freq,-113.56,-97.86,16.16,1,,39.46
HO_00214,482,UE_0047,CELL_005,CELL_005,inter_freq,-90.16,-86.72,10.32,1,,40.65
HO_00215,489,UE_0024,CELL_000,CELL_003,inter_freq,-89.88,-78.96,18.79,1,,26.12
HO_00216,379,UE_0004,CELL_002,CELL_006,inter_freq,-91.01,-97.73,8.57,1,,39.8
HO_00217,466,UE_0002,CELL_000,CELL_001,inter_freq,-99.06,-82.19,21.54,1,,53.72
HO_00218,478,UE_0006,CELL_004,CELL_006,intra_freq,-91.92,-80.57,34.91,1,,28.3
HO_00219,497,UE_0022,CELL_005,CELL_005,inter_rat,-101.9,-72.6,26.78,0,rlf,48.52
HO_00220,234,UE_0007,CELL_002,CELL_004,intra_freq,-88.44,-85.51,23.88,1,,23.48
HO_00221,127,UE_0048,CELL_005,CELL_004,inter_freq,-101.66,-92.96,19.38,1,,30.84
HO_00222,320,UE_0008,CELL_006,CELL_005,inter_rat,-101.98,-71.38,30.56,1,,64.05
HO_00223,360,UE_0027,CELL_001,CELL_000,intra_freq,-87.44,-90.89,14.65,1,,57.12
HO_00224,304,UE_0046,CELL_004,CELL_002,inter_freq,-92.29,-89.87,4.42,1,,46.2
HO_00225,232,UE_0024,CELL_001,CELL_005,inter_rat,-89.98,-96.92,9.36,1,,59.42
HO_00226,74,UE_0017,CELL_002,CELL_006,intra_freq,-99.64,-84.51,6.56,1,,45.53
HO_00227,272,UE_0035,CELL_005,CELL_006,intra_freq,-95.9,-87.1,29.04,1,,25.38
HO_00228,250,UE_0043,CELL_001,CELL_006,inter_freq,-94.73,-69.15,3.74,1,,63.37
HO_00229,431,UE_0045,CELL_000,CELL_005,inter_freq,-90.6,-88.76,16.85,1,,61.86
HO_00230,287,UE_0045,CELL_004,CELL_001,intra_freq,-91.7,-81.7,27.58,1,,56.37
HO_00231,98,UE_0039,CELL_001,CELL_001,inter_freq,-85.15,-85.09,7.64,1,,78.4
HO_00232,42,UE_0035,CELL_004,CELL_000,intra_freq,-97.07,-82.57,22.38,1,,36.52
HO_00233,189,UE_0047,CELL_006,CELL_005,intra_freq,-89.95,-84.14,20.45,1,,56.22
HO_00234,89,UE_0048,CELL_002,CELL_003,intra_freq,-109.06,-87.49,27.7,0,rlf,57.76
HO_00235,334,UE_0023,CELL_006,CELL_002,inter_freq,-86.88,-94.12,30.22,1,,73.16
HO_00236,403,UE_0034,CELL_004,CELL_003,inter_freq,-89.88,-82.42,8.14,1,,44.72
HO_00237,143,UE_0038,CELL_006,CELL_006,inter_rat,-111.36,-90.74,16.63,1,,71.73
HO_00238,127,UE_0007,CELL_004,CELL_004,intra_freq,-83.66,-92.95,20.58,1,,37.69
HO_00239,236,UE_0036,CELL_004,CELL_006,intra_freq,-93.51,-86.25,27.26,1,,69.35
HO_00240,415,UE_0023,CELL_002,CELL_002,intra_freq,-87.82,-95.59,1.3,1,,28.67
HO_00241,317,UE_0018,CELL_000,CELL_000,intra_freq,-93.98,-91.0,26.99,1,,56.19
HO_00242,486,UE_0020,CELL_001,CELL_005,inter_freq,-98.35,-83.71,33.62,1,,57.78
HO_00243,168,UE_0001,CELL_001,CELL_001,intra_freq,-87.55,-92.56,1.05,1,,32.49
HO_00244,51,UE_0017,CELL_000,CELL_004,inter_rat,-104.64,-89.47,2.62,1,,23.67
HO_00245,278,UE_0041,CELL_001,CELL_003,intra_freq,-82.49,-82.29,5.47,1,,38.81
HO_00246,366,UE_0005,CELL_000,CELL_000,inter_rat,-97.76,-78.52,12.84,1,,72.31
HO_00247,30,UE_0005,CELL_001,CELL_004,inter_rat,-100.41,-94.05,0.31,1,,46.12
HO_00248,384,UE_0032,CELL_003,CELL_000,intra_freq,-88.13,-93.65,32.92,1,,68.84
HO_00249,464,UE_0009,CELL_003,CELL_001,intra_freq,-99.88,-98.51,6.79,1,,28.9
HO_00250,270,UE_0017,CELL_004,CELL_006,inter_rat,-87.26,-92.92,23.32,1,,26.18
HO_00251,275,UE_0021,CELL_002,CELL_000,inter_rat,-96.04,-89.28,8.5,1,,65.34
HO_00252,276,UE_0004,CELL_005,CELL_006,intra_freq,-102.79,-93.06,31.47,1,,28.59
HO_00253,370,UE_0025,CELL_000,CELL_002,inter_rat,-86.07,-76.98,7.98,1,,49.65
HO_00254,451,UE_0002,CELL_005,CELL_006,inter_rat,-101.25,-65.11,28.69,1,,42.47
HO_00255,117,UE_0029,CELL_002,CELL_003,inter_freq,-95.35,-95.97,21.24,1,,22.46
HO_00256,87,UE_0030,CELL_003,CELL_006,inter_rat,-97.98,-88.67,20.91,1,,34.02
HO_00257,247,UE_0035,CELL_005,CELL_003,intra_freq,-93.22,-93.5,29.77,1,,40.75
HO_00258,234,UE_0037,CELL_005,CELL_006,inter_freq,-102.53,-95.17,15.42,1,,50.46
HO_00259,181,UE_0028,CELL_006,CELL_001,inter_rat,-106.53,-88.77,16.47,1,,49.16
HO_00260,199,UE_0026,CELL_000,CELL_000,inter_rat,-97.76,-87.23,10.13,1,,57.48
HO_00261,294,UE_0003,CELL_002,CELL_005,intra_freq,-91.47,-93.78,21.93,1,,56.45
HO_00262,74,UE_0012,CELL_001,CELL_000,inter_freq,-91.29,-97.72,7.99,1,,62.44
HO_00263,10,UE_0006,CELL_000,CELL_004,intra_freq,-98.79,-89.1,10.06,1,,33.16
HO_00264,202,UE_0014,CELL_002,CELL_003,inter_freq,-96.68,-82.64,32.19,1,,21.04
HO_00265,120,UE_0011,CELL_002,CELL_003,inter_freq,-106.04,-111.2,31.72,1,,74.93
HO_00266,327,UE_0047,CELL_001,CELL_005,inter_rat,-102.34,-103.23,6.05,1,,50.52
HO_00267,13,UE_0021,CELL_001,CELL_003,inter_freq,-88.03,-94.09,30.8,1,,44.45
HO_00268,9,UE_0047,CELL_004,CELL_002,intra_freq,-107.06,-92.51,22.28,1,,51.95
HO_00269,468,UE_0022,CELL_006,CELL_002,intra_freq,-91.72,-96.05,22.2,1,,66.92
HO_00270,411,UE_0027,CELL_005,CELL_002,inter_rat,-93.18,-83.98,5.76,1,,55.97
HO_00271,237,UE_0039,CELL_006,CELL_003,inter_freq,-96.87,-81.68,1.59,1,,20.49
HO_00272,204,UE_0042,CELL_004,CELL_000,intra_freq,-87.49,-86.74,20.57,1,,31.62
HO_00273,405,UE_0016,CELL_006,CELL_001,inter_freq,-99.2,-79.31,4.81,1,,23.54
HO_00274,54,UE_0012,CELL_002,CELL_002,inter_freq,-97.07,-80.15,6.87,1,,49.41
HO_00275,479,UE_0040,CELL_003,CELL_002,inter_freq,-85.76,-99.74,25.02,1,,44.79
HO_00276,121,UE_0039,CELL_001,CELL_001,inter_freq,-91.99,-99.03,26.16,1,,72.21
HO_00277,226,UE_0021,CELL_006,CELL_003,inter_freq,-90.69,-84.68,25.26,1,,59.89
HO_00278,358,UE_0010,CELL_004,CELL_006,intra_freq,-92.36,-109.83,11.15,1,,31.66
HO_00279,137,UE_0030,CELL_005,CELL_006,inter_rat,-91.97,-79.45,32.52,0,too_early,43.33
HO_00280,131,UE_0039,CELL_000,CELL_004,inter_rat,-82.32,-95.78,25.0,1,,64.57
HO_00281,229,UE_0001,CELL_000,CELL_005,inter_rat,-86.41,-94.54,11.8,1,,23.52
HO_00282,17,UE_0008,CELL_000,CELL_001,intra_freq,-98.15,-92.97,2.98,1,,56.56
HO_00283,80,UE_0007,CELL_001,CELL_000,inter_freq,-103.95,-93.53,10.42,1,,53.23
HO_00284,235,UE_0014,CELL_004,CELL_006,inter_rat,-96.7,-88.74,21.82,1,,39.66
HO_00285,356,UE_0014,CELL_003,CELL_004,inter_freq,-90.49,-80.88,0.82,1,,25.57
HO_00286,13,UE_0007,CELL_004,CELL_000,intra_freq,-103.23,-95.71,30.32,1,,75.35
HO_00287,344,UE_0014,CELL_002,CELL_004,intra_freq,-87.8,-78.73,18.44,1,,73.88
HO_00288,324,UE_0045,CELL_005,CELL_004,intra_freq,-109.32,-91.21,26.86,1,,76.09
HO_00289,245,UE_0008,CELL_003,CELL_001,inter_freq,-103.63,-88.76,24.21,1,,26.54
HO_00290,300,UE_0048,CELL_005,CELL_004,inter_rat,-114.3,-90.25,20.91,1,,39.32
HO_00291,18,UE_0000,CELL_006,CELL_001,inter_freq,-90.89,-87.56,0.17,1,,37.85
HO_00292,144,UE_0006,CELL_001,CELL_002,inter_rat,-87.38,-82.4,3.24,1,,50.75
HO_00293,187,UE_0021,CELL_006,CELL_006,inter_rat,-92.96,-91.34,9.25,1,,62.06
HO_00294,25,UE_0017,CELL_006,CELL_002,inter_freq,-107.71,-85.14,20.72,1,,34.06
HO_00295,400,UE_0015,CELL_003,CELL_005,inter_rat,-95.77,-86.25,2.33,1,,41.59
HO_00296,309,UE_0020,CELL_006,CELL_002,inter_freq,-91.74,-81.14,14.31,1,,68.83
HO_00297,280,UE_0048,CELL_003,CELL_005,intra_freq,-96.66,-96.68,9.2,1,,34.53
HO_00298,97,UE_0032,CELL_000,CELL_002,inter_freq,-103.91,-89.77,5.9,1,,21.39
HO_00299,52,UE_0025,CELL_002,CELL_003,inter_rat,-103.05,-76.34,10.15,1,,68.93
HO_00300,304,UE_0042,CELL_006,CELL_002,inter_freq,-88.75,-98.16,1.72,1,,29.93
HO_00301,204,UE_0030,CELL_004,CELL_001,inter_rat,-91.54,-101.78,26.09,1,,29.37
HO_00302,168,UE_0047,CELL_000,CELL_003,inter_rat,-87.08,-77.62,19.0,1,,71.66
HO_00303,355,UE_0007,CELL_004,CELL_005,inter_rat,-94.51,-93.25,3.3,1,,33.55
HO_00304,38,UE_0009,CELL_005,CELL_003,intra_freq,-79.64,-79.7,8.39,1,,40.48
HO_00305,189,UE_0001,CELL_002,CELL_000,inter_freq,-84.14,-81.81,16.32,1,,61.73
HO_00306,331,UE_0024,CELL_004,CELL_002,intra_freq,-91.47,-86.46,18.86,1,,39.01
HO_00307,76,UE_0021,CELL_002,CELL_001,inter_rat,-100.63,-85.35,7.31,1,,38.29
HO_00308,296,UE_0016,CELL_006,CELL_001,intra_freq,-106.7,-86.23,7.68,1,,67.68
HO_00309,313,UE_0018,CELL_006,CELL_004,intra_freq,-94.05,-85.4,17.93,1,,40.53
HO_00310,455,UE_0028,CELL_002,CELL_001,inter_freq,-99.84,-88.99,11.31,1,,57.69
HO_00311,472,UE_0037,CELL_002,CELL_003,inter_rat,-98.19,-79.07,2.06,1,,33.74
HO_00312,378,UE_0020,CELL_003,CELL_003,inter_rat,-85.96,-85.88,29.53,1,,75.89
HO_00313,93,UE_0007,CELL_000,CELL_001,inter_freq,-108.59,-81.0,15.74,1,,50.88
HO_00314,217,UE_0008,CELL_004,CELL_000,inter_freq,-98.3,-79.56,17.98,1,,42.04
HO_00315,317,UE_0001,CELL_005,CELL_002,inter_rat,-85.78,-74.07,12.72,1,,57.62
HO_00316,210,UE_0038,CELL_000,CELL_006,inter_freq,-103.74,-90.62,2.62,1,,62.92
HO_00317,165,UE_0041,CELL_006,CELL_003,intra_freq,-102.16,-97.36,4.07,1,,48.64
HO_00318,48,UE_0049,CELL_005,CELL_006,inter_freq,-93.51,-81.35,29.86,1,,36.52
HO_00319,482,UE_0042,CELL_002,CELL_002,intra_freq,-105.41,-81.0,5.29,1,,54.41
HO_00320,490,UE_0033,CELL_004,CELL_000,inter_freq,-93.23,-81.38,4.51,1,,79.72
HO_00321,354,UE_0013,CELL_005,CELL_005,inter_freq,-92.76,-90.54,2.05,1,,70.64
HO_00322,198,UE_0018,CELL_001,CELL_002,intra_freq,-88.85,-81.88,23.96,1,,50.07
HO_00323,393,UE_0025,CELL_003,CELL_002,intra_freq,-106.33,-79.41,6.19,1,,55.52
HO_00324,464,UE_0007,CELL_002,CELL_004,intra_freq,-98.91,-86.55,10.15,1,,64.22
HO_00325,467,UE_0014,CELL_004,CELL_005,inter_rat,-103.32,-95.76,22.6,1,,46.62
HO_00326,47,UE_0037,CELL_004,CELL_004,inter_freq,-84.4,-76.27,2.81,1,,30.34
HO_00327,467,UE_0013,CELL_001,CELL_000,inter_freq,-95.37,-103.27,25.37,1,,73.72
HO_00328,475,UE_0009,CELL_002,CELL_002,inter_freq,-84.41,-100.63,7.33,1,,29.73
HO_00329,11,UE_0030,CELL_004,CELL_003,inter_rat,-93.68,-91.56,3.84,1,,34.45
HO_00330,459,UE_0009,CELL_005,CELL_002,inter_freq,-93.52,-86.93,19.19,1,,38.16
HO_00331,290,UE_0025,CELL_006,CELL_006,intra_freq,-106.94,-81.68,0.72,1,,70.88
HO_00332,470,UE_0023,CELL_002,CELL_003,intra_freq,-99.33,-95.2,6.29,1,,41.19
HO_00333,399,UE_0025,CELL_006,CELL_000,inter_rat,-95.26,-94.8,10.92,1,,46.39
HO_00334,212,UE_0015,CELL_005,CELL_000,intra_freq,-88.11,-85.26,3.56,1,,62.36
HO_00335,42,UE_0017,CELL_002,CELL_001,inter_rat,-83.08,-92.53,16.94,1,,69.14
HO_00336,23,UE_0002,CELL_000,CELL_003,inter_freq,-92.21,-97.08,19.14,1,,48.55
HO_00337,289,UE_0045,CELL_006,CELL_006,inter_freq,-102.98,-80.54,23.69,1,,52.57
HO_00338,378,UE_0043,CELL_002,CELL_005,inter_rat,-87.63,-100.09,28.98,1,,73.08
HO_00339,289,UE_0021,CELL_001,CELL_006,inter_rat,-77.37,-82.57,1.89,1,,39.84
HO_00340,325,UE_0038,CELL_005,CELL_001,intra_freq,-92.28,-81.79,14.87,1,,75.32
HO_00341,143,UE_0027,CELL_001,CELL_004,inter_rat,-97.15,-79.16,0.45,1,,59.22
HO_00342,187,UE_0019,CELL_004,CELL_005,intra_freq,-105.32,-82.73,9.36,1,,34.34
HO_00343,392,UE_0008,CELL_003,CELL_001,inter_freq,-86.8,-101.4,2.06,1,,30.88
HO_00344,486,UE_0047,CELL_004,CELL_006,intra_freq,-107.26,-74.03,5.96,1,,45.04
HO_00345,7,UE_0046,CELL_001,CELL_005,inter_rat,-96.48,-87.62,25.09,1,,41.74
HO_00346,85,UE_0035,CELL_005,CELL_001,inter_rat,-96.58,-75.31,26.48,1,,21.61
HO_00347,86,UE_0016,CELL_002,CELL_003,inter_rat,-98.62,-101.27,9.68,1,,24.11
HO_00348,93,UE_0034,CELL_000,CELL_005,intra_freq,-101.11,-84.5,26.22,1,,46.47
HO_00349,58,UE_0036,CELL_004,CELL_002,intra_freq,-92.56,-96.47,15.45,1,,74.52
HO_00350,113,UE_0003,CELL_000,CELL_002,intra_freq,-105.42,-75.8,30.29,1,,33.24
HO_00351,130,UE_0040,CELL_003,CELL_003,inter_rat,-92.82,-83.43,9.98,1,,37.82
HO_00352,186,UE_0048,CELL_000,CELL_006,inter_rat,-101.77,-88.05,20.35,1,,68.46
HO_00353,207,UE_0048,CELL_005,CELL_002,inter_freq,-104.0,-87.45,8.35,1,,30.44
HO_00354,12,UE_0000,CELL_003,CELL_002,inter_rat,-92.44,-84.75,2.29,1,,27.1
HO_00355,129,UE_0042,CELL_002,CELL_005,intra_freq,-93.64,-77.41,34.63,1,,59.91
HO_00356,158,UE_0027,CELL_001,CELL_003,inter_freq,-85.23,-89.07,31.81,1,,47.11
HO_00357,482,UE_0021,CELL_002,CELL_003,inter_rat,-85.34,-93.61,15.91,1,,70.5
HO_00358,406,UE_0029,CELL_002,CELL_001,intra_freq,-97.3,-91.67,34.55,1,,72.67
HO_00359,498,UE_0027,CELL_002,CELL_001,intra_freq,-101.78,-91.26,28.24,1,,73.88
HO_00360,251,UE_0009,CELL_006,CELL_001,intra_freq,-84.8,-81.19,3.0,1,,25.78
HO_00361,95,UE_0024,CELL_000,CELL_000,inter_freq,-95.1,-90.95,12.79,1,,57.36
HO_00362,420,UE_0049,CELL_006,CELL_005,inter_freq,-91.49,-83.31,23.56,1,,41.93
HO_00363,324,UE_0030,CELL_000,CELL_004,intra_freq,-95.57,-76.34,21.82,1,,68.35
HO_00364,85,UE_0006,CELL_006,CELL_005,inter_freq,-96.78,-87.34,24.35,1,,60.54
HO_00365,51,UE_0006,CELL_000,CELL_005,intra_freq,-105.76,-79.56,7.22,1,,71.45
HO_00366,2,UE_0008,CELL_001,CELL_004,intra_freq,-98.08,-94.76,34.79,1,,53.29
HO_00367,332,UE_0012,CELL_003,CELL_002,inter_rat,-88.93,-88.27,19.81,1,,46.75
HO_00368,381,UE_0027,CELL_001,CELL_006,inter_rat,-97.71,-70.26,6.3,1,,41.3
HO_00369,100,UE_0042,CELL_003,CELL_000,intra_freq,-81.95,-83.97,9.94,1,,79.11
HO_00370,462,UE_0026,CELL_004,CELL_001,inter_freq,-93.87,-94.34,13.26,1,,36.81
HO_00371,100,UE_0042,CELL_004,CELL_004,inter_freq,-89.72,-78.73,26.29,1,,77.38
HO_00372,229,UE_0046,CELL_001,CELL_006,inter_freq,-99.8,-98.16,20.23,1,,23.61
HO_00373,358,UE_0023,CELL_006,CELL_006,intra_freq,-98.02,-88.63,30.68,1,,72.13
HO_00374,328,UE_0015,CELL_000,CELL_000,inter_freq,-88.12,-82.56,15.94,1,,54.89
HO_00375,367,UE_0049,CELL_006,CELL_001,inter_freq,-95.7,-89.24,8.04,1,,55.8
HO_00376,121,UE_0014,CELL_002,CELL_003,inter_freq,-91.27,-100.07,31.42,1,,26.62
HO_00377,232,UE_0014,CELL_005,CELL_005,intra_freq,-98.29,-90.39,5.26,1,,63.6
HO_00378,86,UE_0025,CELL_005,CELL_004,inter_freq,-86.74,-98.06,8.63,1,,50.85
HO_00379,85,UE_0033,CELL_005,CELL_001,inter_freq,-97.28,-91.96,11.26,1,,68.72
HO_00380,267,UE_0046,CELL_006,CELL_005,intra_freq,-92.8,-89.28,23.66,1,,35.7
HO_00381,353,UE_0034,CELL_000,CELL_005,inter_rat,-79.65,-90.28,33.99,1,,46.7
HO_00382,128,UE_0034,CELL_004,CELL_005,inter_freq,-99.8,-86.96,32.54,1,,43.71
HO_00383,113,UE_0039,CELL_001,CELL_004,inter_rat,-78.32,-92.11,30.87,1,,41.94
HO_00384,138,UE_0001,CELL_003,CELL_004,intra_freq,-98.75,-89.7,10.05,1,,60.26
HO_00385,474,UE_0021,CELL_005,CELL_005,inter_freq,-86.77,-85.2,12.13,1,,42.46
HO_00386,138,UE_0000,CELL_005,CELL_000,intra_freq,-102.04,-81.34,22.29,1,,36.62
HO_00387,373,UE_0038,CELL_001,CELL_006,intra_freq,-97.8,-78.49,21.36,1,,37.85
HO_00388,397,UE_0012,CELL_001,CELL_004,inter_freq,-100.12,-97.82,29.52,1,,78.33
HO_00389,171,UE_0041,CELL_002,CELL_003,intra_freq,-105.94,-92.99,20.68,1,,76.61
HO_00390,430,UE_0043,CELL_005,CELL_006,intra_freq,-91.33,-100.13,24.07,1,,37.43
HO_00391,148,UE_0018,CELL_000,CELL_000,intra_freq,-90.4,-92.87,11.27,1,,36.37
HO_00392,60,UE_0022,CELL_003,CELL_005,inter_freq,-97.27,-79.23,21.83,1,,75.91
HO_00393,145,UE_0033,CELL_003,CELL_000,intra_freq,-95.36,-91.87,24.0,1,,59.96
HO_00394,121,UE_0041,CELL_000,CELL_000,inter_rat,-105.64,-77.55,14.48,1,,22.8
HO_00395,398,UE_0022,CELL_002,CELL_006,intra_freq,-99.7,-86.98,17.87,1,,32.32
HO_00396,245,UE_0013,CELL_001,CELL_005,intra_freq,-106.41,-80.29,31.39,1,,41.41
HO_00397,441,UE_0049,CELL_000,CELL_005,intra_freq,-108.54,-94.3,20.16,1,,40.59
HO_00398,37,UE_0019,CELL_004,CELL_005,inter_rat,-101.51,-91.65,18.85,1,,36.0
HO_00399,75,UE_0032,CELL_000,CELL_006,inter_rat,-78.04,-85.84,12.27,0,too_early,54.97
HO_00400,399,UE_0009,CELL_004,CELL_001,inter_freq,-97.52,-84.03,22.63,1,,73.25
HO_00401,258,UE_0034,CELL_000,CELL_000,inter_freq,-96.34,-78.88,30.44,1,,26.75
HO_00402,319,UE_0041,CELL_006,CELL_005,inter_rat,-89.2,-86.55,20.07,1,,52.3
HO_00403,28,UE_0018,CELL_001,CELL_001,inter_rat,-90.52,-105.55,30.64,1,,37.84
HO_00404,387,UE_0034,CELL_004,CELL_006,inter_rat,-94.99,-95.0,19.36,1,,73.87
HO_00405,182,UE_0003,CELL_002,CELL_006,intra_freq,-90.05,-94.92,23.79,1,,24.0
HO_00406,218,UE_0036,CELL_002,CELL_001,intra_freq,-91.86,-81.65,13.17,1,,31.18
HO_00407,100,UE_0002,CELL_004,CELL_001,inter_rat,-113.2,-83.94,12.64,1,,37.77
HO_00408,316,UE_0017,CELL_000,CELL_004,inter_rat,-96.07,-98.67,15.42,1,,65.12
HO_00409,115,UE_0034,CELL_001,CELL_006,inter_rat,-93.26,-91.31,29.04,1,,42.89
HO_00410,258,UE_0022,CELL_000,CELL_005,inter_freq,-98.26,-88.15,22.35,1,,30.19
HO_00411,416,UE_0033,CELL_005,CELL_003,inter_freq,-92.96,-87.22,11.15,1,,53.06
HO_00412,39,UE_0006,CELL_002,CELL_006,inter_rat,-99.24,-90.61,15.36,1,,24.62
HO_00413,22,UE_0028,CELL_003,CELL_000,intra_freq,-105.0,-94.72,4.62,1,,71.85
HO_00414,489,UE_0049,CELL_000,CELL_002,intra_freq,-94.81,-85.71,7.95,1,,42.3
HO_00415,119,UE_0014,CELL_000,CELL_001,intra_freq,-97.41,-92.78,16.17,1,,79.06
HO_00416,405,UE_0043,CELL_005,CELL_006,intra_freq,-93.66,-95.15,18.85,1,,30.7
HO_00417,92,UE_0039,CELL_005,CELL_001,inter_rat,-100.53,-95.61,28.56,1,,40.53
HO_00418,11,UE_0008,CELL_005,CELL_005,inter_freq,-89.44,-97.27,0.07,1,,37.01
HO_00419,31,UE_0037,CELL_006,CELL_006,intra_freq,-102.5,-80.61,17.64,1,,36.28
HO_00420,322,UE_0027,CELL_000,CELL_004,inter_freq,-95.48,-85.21,15.85,1,,32.56
HO_00421,159,UE_0027,CELL_005,CELL_003,intra_freq,-115.17,-84.38,6.68,1,,60.81
HO_00422,42,UE_0011,CELL_002,CELL_004,intra_freq,-88.0,-90.81,6.49,1,,32.09
HO_00423,124,UE_0011,CELL_003,CELL_003,intra_freq,-93.2,-85.36,22.98,1,,46.4
HO_00424,233,UE_0044,CELL_006,CELL_001,inter_freq,-97.59,-96.25,2.9,1,,74.72
HO_00425,306,UE_0037,CELL_003,CELL_003,inter_rat,-88.4,-68.46,1.11,1,,53.09
HO_00426,397,UE_0010,CELL_005,CELL_005,inter_freq,-115.46,-97.57,11.4,1,,77.57
HO_00427,113,UE_0041,CELL_006,CELL_006,inter_freq,-97.72,-81.12,24.87,1,,66.26
HO_00428,85,UE_0027,CELL_002,CELL_000,inter_rat,-99.75,-85.36,7.07,1,,42.75
HO_00429,259,UE_0013,CELL_003,CELL_005,inter_freq,-82.59,-93.29,12.29,1,,36.43
HO_00430,140,UE_0014,CELL_001,CELL_003,intra_freq,-97.15,-91.43,14.46,1,,79.24
HO_00431,151,UE_0004,CELL_003,CELL_003,inter_rat,-81.64,-93.42,34.59,1,,75.19
HO_00432,159,UE_0029,CELL_000,CELL_004,intra_freq,-103.68,-92.03,30.03,1,,41.15
HO_00433,321,UE_0043,CELL_006,CELL_002,inter_freq,-84.7,-97.03,18.75,1,,41.85
HO_00434,41,UE_0014,CELL_005,CELL_005,intra_freq,-110.0,-90.51,3.54,1,,55.7
HO_00435,257,UE_0004,CELL_006,CELL_005,intra_freq,-81.32,-81.1,5.8,1,,32.08
HO_00436,28,UE_0020,CELL_005,CELL_000,inter_rat,-98.34,-105.4,21.5,1,,23.58
HO_00437,312,UE_0049,CELL_003,CELL_006,intra_freq,-102.35,-87.52,33.33,1,,52.22
HO_00438,19,UE_0010,CELL_002,CELL_001,inter_rat,-95.85,-95.61,30.02,1,,21.87
HO_00439,372,UE_0045,CELL_006,CELL_000,inter_rat,-90.76,-85.26,4.33,1,,66.55
HO_00440,161,UE_0012,CELL_005,CELL_004,inter_rat,-95.96,-95.66,23.39,1,,68.95
HO_00441,338,UE_0018,CELL_000,CELL_002,intra_freq,-105.32,-90.18,33.73,1,,26.78
HO_00442,414,UE_0027,CELL_005,CELL_002,inter_rat,-91.0,-98.73,6.17,1,,54.54
HO_00443,343,UE_0026,CELL_005,CELL_005,intra_freq,-84.4,-90.91,20.6,1,,76.05
HO_00444,158,UE_0007,CELL_000,CELL_002,intra_freq,-98.55,-89.78,12.14,1,,70.78
HO_00445,472,UE_0036,CELL_003,CELL_004,inter_rat,-104.87,-94.09,14.42,1,,66.01
HO_00446,232,UE_0049,CELL_002,CELL_005,inter_freq,-99.0,-78.75,27.83,1,,47.79
HO_00447,156,UE_0009,CELL_002,CELL_001,inter_freq,-96.8,-75.18,15.16,1,,39.35
HO_00448,413,UE_0017,CELL_000,CELL_001,inter_freq,-90.92,-85.24,7.62,1,,50.07
HO_00449,292,UE_0001,CELL_001,CELL_000,inter_freq,-111.22,-86.49,18.43,1,,32.9
HO_00450,257,UE_0023,CELL_006,CELL_004,inter_freq,-85.82,-92.31,28.57,1,,51.15
HO_00451,302,UE_0026,CELL_002,CELL_000,inter_rat,-92.87,-93.5,33.71,1,,46.03
HO_00452,78,UE_0026,CELL_004,CELL_002,inter_freq,-97.69,-91.79,7.44,1,,53.44
HO_00453,218,UE_0049,CELL_002,CELL_001,intra_freq,-84.69,-77.76,28.06,1,,34.69
HO_00454,178,UE_0028,CELL_005,CELL_001,inter_freq,-102.75,-97.14,28.54,1,,30.1
HO_00455,299,UE_0031,CELL_000,CELL_006,inter_freq,-100.83,-88.4,13.23,1,,67.91
HO_00456,297,UE_0023,CELL_005,CELL_005,intra_freq,-91.01,-88.67,21.82,1,,62.11
HO_00457,341,UE_0008,CELL_003,CELL_001,intra_freq,-98.71,-100.03,22.66,1,,75.95
HO_00458,403,UE_0002,CELL_000,CELL_003,inter_freq,-86.13,-90.59,20.53,1,,61.11
HO_00459,318,UE_0012,CELL_000,CELL_000,intra_freq,-98.02,-80.08,19.57,1,,24.32
HO_00460,425,UE_0041,CELL_000,CELL_000,inter_freq,-91.68,-86.04,13.32,1,,63.48
HO_00461,347,UE_0010,CELL_003,CELL_004,intra_freq,-86.59,-80.72,9.7,1,,27.12
HO_00462,92,UE_0025,CELL_004,CELL_006,inter_rat,-96.5,-86.53,33.0,1,,74.99
HO_00463,23,UE_0019,CELL_003,CELL_006,inter_rat,-84.11,-91.07,19.2,1,,58.28
HO_00464,407,UE_0033,CELL_003,CELL_004,inter_freq,-95.63,-92.0,27.04,1,,53.46
HO_00465,151,UE_0014,CELL_005,CELL_002,intra_freq,-90.65,-87.02,14.72,1,,31.07
HO_00466,286,UE_0002,CELL_003,CELL_002,inter_freq,-100.11,-85.14,5.96,1,,46.26
HO_00467,453,UE_0001,CELL_006,CELL_004,inter_freq,-97.92,-97.13,3.37,1,,23.01
HO_00468,9,UE_0035,CELL_001,CELL_005,intra_freq,-102.91,-105.9,8.95,1,,43.68
HO_00469,329,UE_0012,CELL_004,CELL_004,inter_freq,-90.28,-89.02,13.26,1,,56.42
HO_00470,304,UE_0022,CELL_000,CELL_005,inter_rat,-98.03,-80.4,2.23,1,,39.17
HO_00471,58,UE_0048,CELL_001,CELL_004,intra_freq,-93.11,-106.67,25.91,1,,66.86
HO_00472,132,UE_0002,CELL_003,CELL_003,inter_freq,-91.27,-88.6,33.09,1,,58.75
HO_00473,356,UE_0024,CELL_005,CELL_005,intra_freq,-91.68,-94.6,3.09,1,,65.99
HO_00474,80,UE_0022,CELL_006,CELL_004,inter_rat,-92.46,-72.44,7.88,1,,40.43
HO_00475,133,UE_0002,CELL_005,CELL_004,inter_rat,-96.46,-92.54,13.77,1,,37.6
HO_00476,30,UE_0013,CELL_003,CELL_002,inter_rat,-94.67,-105.5,25.83,1,,20.78
HO_00477,389,UE_0038,CELL_003,CELL_004,intra_freq,-95.04,-85.19,22.99,1,,59.57
HO_00478,1,UE_0029,CELL_006,CELL_005,inter_rat,-88.09,-86.28,6.32,1,,78.81
HO_00479,112,UE_0023,CELL_003,CELL_001,inter_freq,-108.35,-62.82,8.83,1,,68.03
HO_00480,271,UE_0000,CELL_002,CELL_005,intra_freq,-90.43,-89.79,26.34,1,,66.28
HO_00481,112,UE_0013,CELL_001,CELL_000,inter_freq,-97.01,-103.17,8.05,0,too_late,37.74
HO_00482,393,UE_0003,CELL_006,CELL_002,intra_freq,-104.46,-94.9,31.93,1,,30.96
HO_00483,92,UE_0017,CELL_003,CELL_006,inter_rat,-97.79,-94.22,2.03,1,,28.8
HO_00484,383,UE_0013,CELL_005,CELL_004,inter_freq,-100.63,-90.78,28.26,1,,60.29
HO_00485,43,UE_0021,CELL_001,CELL_003,inter_freq,-92.19,-89.82,14.79,1,,54.63
HO_00486,183,UE_0008,CELL_006,CELL_005,inter_freq,-98.21,-98.11,7.01,1,,47.3
HO_00487,36,UE_0037,CELL_006,CELL_005,inter_freq,-88.51,-98.98,18.63,1,,43.65
HO_00488,415,UE_0049,CELL_004,CELL_001,intra_freq,-96.25,-95.1,0.61,1,,51.35
HO_00489,95,UE_0044,CELL_004,CELL_005,inter_freq,-86.01,-89.32,20.31,1,,21.94
HO_00490,221,UE_0025,CELL_001,CELL_004,inter_freq,-99.66,-94.98,8.45,1,,71.8
HO_00491,415,UE_0020,CELL_000,CELL_006,intra_freq,-86.74,-92.83,13.68,1,,46.03
HO_00492,335,UE_0012,CELL_003,CELL_001,inter_rat,-95.8,-88.59,18.06,1,,71.76
HO_00493,376,UE_0041,CELL_001,CELL_002,inter_freq,-93.34,-84.74,8.78,1,,27.44
HO_00494,290,UE_0040,CELL_005,CELL_006,inter_rat,-99.16,-97.21,19.89,1,,56.06
HO_00495,408,UE_0016,CELL_000,CELL_006,inter_rat,-85.97,-86.15,19.68,1,,52.75
HO_00496,301,UE_0018,CELL_005,CELL_002,inter_rat,-103.33,-87.51,6.92,1,,33.18
HO_00497,52,UE_0049,CELL_000,CELL_005,inter_freq,-87.54,-92.02,32.21,1,,38.3
HO_00498,132,UE_0028,CELL_003,CELL_006,intra_freq,-97.81,-105.61,29.2,1,,64.27
HO_00499,76,UE_0016,CELL_000,CELL_004,intra_freq,-89.17,-92.84,13.75,1,,31.52
HO_00500,23,UE_0003,CELL_000,CELL_005,inter_rat,-101.97,-98.84,12.75,1,,70.18
HO_00501,8,UE_0031,CELL_006,CELL_002,inter_rat,-94.06,-82.64,15.48,1,,27.48
HO_00502,349,UE_0039,CELL_000,CELL_005,inter_rat,-87.69,-87.41,11.13,1,,53.99
HO_00503,351,UE_0005,CELL_000,CELL_004,inter_freq,-89.63,-88.82,4.79,1,,72.13
HO_00504,212,UE_0019,CELL_000,CELL_004,inter_rat,-97.61,-76.98,27.57,1,,75.19
HO_00505,481,UE_0034,CELL_000,CELL_004,intra_freq,-106.26,-79.59,23.95,1,,63.83
HO_00506,308,UE_0000,CELL_001,CELL_003,intra_freq,-105.81,-92.92,15.12,1,,74.35
HO_00507,0,UE_0025,CELL_000,CELL_003,inter_freq,-100.74,-81.86,0.52,0,too_late,68.42
HO_00508,361,UE_0012,CELL_004,CELL_005,inter_freq,-93.91,-110.49,11.73,1,,46.63
HO_00509,453,UE_0028,CELL_000,CELL_003,intra_freq,-88.2,-88.25,34.44,1,,41.79
HO_00510,363,UE_0033,CELL_002,CELL_005,intra_freq,-92.01,-89.12,9.47,1,,65.36
HO_00511,360,UE_0000,CELL_002,CELL_005,intra_freq,-95.74,-87.3,17.12,1,,26.52
HO_00512,8,UE_0047,CELL_005,CELL_004,inter_rat,-100.09,-90.21,7.15,1,,47.39
HO_00513,344,UE_0026,CELL_000,CELL_000,intra_freq,-88.85,-74.51,27.9,1,,72.83
HO_00514,477,UE_0044,CELL_006,CELL_006,inter_rat,-106.76,-104.11,12.68,1,,23.68
HO_00515,475,UE_0025,CELL_004,CELL_000,inter_rat,-89.4,-84.99,21.6,1,,20.59
HO_00516,412,UE_0017,CELL_004,CELL_002,inter_rat,-93.76,-81.74,18.44,1,,39.22
HO_00517,87,UE_0000,CELL_004,CELL_000,inter_rat,-91.69,-84.97,17.53,1,,20.74
HO_00518,96,UE_0029,CELL_005,CELL_006,intra_freq,-105.63,-81.98,32.53,1,,67.13
HO_00519,244,UE_0036,CELL_001,CELL_004,inter_rat,-98.4,-105.55,21.7,1,,60.14
HO_00520,439,UE_0015,CELL_006,CELL_002,inter_freq,-96.12,-92.57,20.42,1,,44.24
HO_00521,421,UE_0032,CELL_000,CELL_003,inter_rat,-91.76,-80.73,28.52,1,,30.69
HO_00522,370,UE_0038,CELL_006,CELL_002,inter_rat,-88.54,-84.95,25.96,1,,67.2
HO_00523,472,UE_0034,CELL_004,CELL_006,inter_rat,-97.79,-91.35,16.8,1,,76.95
HO_00524,402,UE_0007,CELL_001,CELL_005,inter_freq,-94.74,-89.61,18.88,1,,68.8
HO_00525,177,UE_0043,CELL_004,CELL_006,inter_freq,-90.69,-80.52,11.92,1,,79.37
HO_00526,129,UE_0044,CELL_001,CELL_002,inter_freq,-94.89,-91.02,26.88,1,,21.92
HO_00527,313,UE_0008,CELL_003,CELL_001,inter_freq,-91.22,-75.05,27.0,1,,37.78
HO_00528,215,UE_0037,CELL_000,CELL_000,inter_rat,-99.78,-87.21,11.76,1,,46.73
HO_00529,98,UE_0003,CELL_005,CELL_001,intra_freq,-102.16,-82.03,5.99,1,,24.76
HO_00530,423,UE_0048,CELL_001,CELL_005,intra_freq,-90.35,-82.79,3.27,1,,54.39
HO_00531,363,UE_0019,CELL_001,CELL_004,inter_freq,-101.75,-80.98,19.45,1,,45.85
HO_00532,23,UE_0010,CELL_001,CELL_006,inter_rat,-108.21,-102.37,13.97,1,,22.01
HO_00533,410,UE_0025,CELL_001,CELL_004,intra_freq,-103.2,-71.69,0.95,1,,38.75
HO_00534,107,UE_0042,CELL_004,CELL_000,inter_rat,-95.71,-87.09,31.28,1,,26.5
HO_00535,227,UE_0026,CELL_001,CELL_004,intra_freq,-92.76,-80.63,2.66,1,,43.11
HO_00536,465,UE_0033,CELL_003,CELL_003,intra_freq,-87.31,-78.73,26.06,1,,39.22
HO_00537,215,UE_0026,CELL_005,CELL_006,inter_rat,-80.88,-94.34,18.87,1,,44.12
HO_00538,169,UE_0039,CELL_006,CELL_006,inter_freq,-91.67,-87.11,25.08,1,,57.9
HO_00539,468,UE_0018,CELL_000,CELL_002,inter_rat,-101.04,-83.0,9.36,1,,56.44
HO_00540,457,UE_0029,CELL_002,CELL_006,inter_freq,-98.8,-90.25,1.41,1,,43.2
HO_00541,203,UE_0019,CELL_005,CELL_001,inter_rat,-95.57,-94.87,25.81,1,,36.77
HO_00542,464,UE_0030,CELL_005,CELL_000,inter_rat,-101.72,-88.45,32.31,1,,23.03
HO_00543,8,UE_0007,CELL_004,CELL_004,inter_freq,-90.57,-77.57,18.65,1,,31.5
HO_00544,456,UE_0038,CELL_002,CELL_005,inter_rat,-93.28,-76.59,4.66,1,,53.38
HO_00545,347,UE_0007,CELL_005,CELL_006,inter_rat,-90.18,-91.33,13.12,1,,29.31
HO_00546,296,UE_0008,CELL_000,CELL_004,inter_rat,-93.52,-81.76,26.66,1,,26.41
HO_00547,416,UE_0007,CELL_005,CELL_004,inter_rat,-100.98,-82.17,0.66,1,,21.22
HO_00548,275,UE_0038,CELL_001,CELL_000,inter_rat,-89.81,-88.16,8.05,1,,69.76
HO_00549,373,UE_0018,CELL_001,CELL_000,inter_rat,-95.57,-87.89,5.47,1,,21.24
HO_00550,417,UE_0023,CELL_006,CELL_000,intra_freq,-96.17,-87.63,31.15,1,,43.26
HO_00551,260,UE_0005,CELL_001,CELL_006,inter_rat,-84.03,-79.42,20.71,1,,66.47
HO_00552,378,UE_0015,CELL_001,CELL_001,inter_freq,-88.51,-88.81,30.67,1,,77.65
HO_00553,17,UE_0029,CELL_003,CELL_006,inter_freq,-81.55,-77.05,4.01,1,,73.65
HO_00554,190,UE_0045,CELL_000,CELL_002,inter_rat,-89.54,-99.7,5.68,1,,59.12
HO_00555,73,UE_0017,CELL_003,CELL_003,inter_rat,-95.37,-94.91,2.52,1,,67.36
HO_00556,422,UE_0023,CELL_001,CELL_003,inter_rat,-100.74,-92.88,9.89,1,,54.37
HO_00557,273,UE_0015,CELL_000,CELL_001,inter_freq,-85.08,-81.48,28.25,1,,51.58
HO_00558,95,UE_0042,CELL_005,CELL_006,intra_freq,-92.83,-96.48,0.29,1,,48.47
HO_00559,239,UE_0003,CELL_005,CELL_006,inter_rat,-90.74,-93.17,6.76,1,,26.8
HO_00560,32,UE_0034,CELL_003,CELL_004,inter_freq,-96.08,-69.5,18.19,1,,25.28
HO_00561,467,UE_0025,CELL_004,CELL_006,inter_freq,-95.15,-93.51,4.12,1,,78.08
HO_00562,165,UE_0047,CELL_004,CELL_005,inter_freq,-99.84,-91.88,2.25,1,,27.3
HO_00563,10,UE_0018,CELL_005,CELL_006,inter_rat,-105.84,-84.82,24.27,1,,53.77
HO_00564,419,UE_0025,CELL_001,CELL_002,inter_rat,-80.61,-86.21,31.38,1,,53.93
HO_00565,485,UE_0027,CELL_000,CELL_005,intra_freq,-70.89,-67.57,26.56,1,,32.53
HO_00566,1,UE_0017,CELL_004,CELL_002,inter_freq,-98.36,-92.72,11.07,1,,62.28
HO_00567,254,UE_0009,CELL_005,CELL_000,intra_freq,-98.25,-92.26,23.64,1,,68.96
HO_00568,423,UE_0044,CELL_006,CELL_000,intra_freq,-99.89,-90.36,12.5,1,,39.48
HO_00569,339,UE_0044,CELL_001,CELL_001,inter_rat,-78.09,-74.44,30.59,1,,75.31
HO_00570,205,UE_0037,CELL_004,CELL_005,intra_freq,-82.21,-82.43,16.42,1,,62.86
HO_00571,436,UE_0044,CELL_000,CELL_003,inter_rat,-100.81,-90.84,19.26,1,,70.46
HO_00572,417,UE_0021,CELL_005,CELL_004,inter_freq,-85.41,-91.65,0.71,1,,57.2
HO_00573,335,UE_0019,CELL_000,CELL_000,inter_rat,-100.76,-87.14,26.8,1,,27.9
HO_00574,131,UE_0025,CELL_002,CELL_002,inter_freq,-99.04,-96.9,34.55,1,,55.72
HO_00575,103,UE_0022,CELL_000,CELL_004,inter_rat,-107.93,-87.57,33.17,1,,57.26
HO_00576,307,UE_0018,CELL_003,CELL_005,intra_freq,-97.72,-82.78,31.22,1,,68.08
HO_00577,425,UE_0007,CELL_006,CELL_003,intra_freq,-101.42,-92.34,3.66,1,,32.47
HO_00578,247,UE_0040,CELL_000,CELL_000,intra_freq,-92.36,-85.88,34.62,1,,64.85
HO_00579,371,UE_0011,CELL_003,CELL_004,inter_rat,-102.28,-80.98,12.85,1,,57.33
HO_00580,138,UE_0023,CELL_003,CELL_002,inter_freq,-93.09,-93.6,27.93,1,,37.87
HO_00581,195,UE_0048,CELL_000,CELL_003,inter_rat,-83.99,-94.89,27.04,1,,55.81
HO_00582,176,UE_0000,CELL_001,CELL_004,intra_freq,-102.4,-89.63,20.25,1,,64.46
HO_00583,431,UE_0018,CELL_005,CELL_002,inter_freq,-102.92,-75.58,30.13,1,,62.19
HO_00584,332,UE_0039,CELL_006,CELL_001,inter_rat,-84.73,-87.56,28.23,1,,57.32
HO_00585,370,UE_0045,CELL_000,CELL_001,intra_freq,-96.89,-84.12,31.74,1,,78.81
HO_00586,123,UE_0049,CELL_006,CELL_003,inter_freq,-87.54,-89.16,13.2,1,,74.66
HO_00587,232,UE_0002,CELL_001,CELL_001,inter_rat,-74.81,-89.57,33.53,1,,54.4
HO_00588,94,UE_0032,CELL_003,CELL_000,inter_freq,-101.04,-77.04,2.84,1,,53.25
HO_00589,210,UE_0017,CELL_000,CELL_006,inter_rat,-93.84,-81.46,2.32,1,,26.15
HO_00590,494,UE_0001,CELL_004,CELL_001,intra_freq,-95.54,-88.58,5.2,1,,31.88
HO_00591,82,UE_0040,CELL_002,CELL_003,inter_rat,-105.11,-93.65,2.71,1,,53.45
HO_00592,22,UE_0000,CELL_000,CELL_000,inter_freq,-97.84,-96.52,9.23,1,,25.25
HO_00593,108,UE_0029,CELL_005,CELL_003,intra_freq,-93.62,-75.35,21.38,1,,42.56
HO_00594,37,UE_0032,CELL_003,CELL_003,inter_rat,-91.3,-87.98,28.28,1,,56.69
HO_00595,463,UE_0002,CELL_003,CELL_000,inter_rat,-98.72,-94.98,22.65,1,,23.87
HO_00596,392,UE_0026,CELL_000,CELL_001,inter_rat,-91.45,-88.84,30.19,1,,25.62
HO_00597,124,UE_0045,CELL_002,CELL_004,inter_rat,-97.57,-98.12,12.07,1,,24.37
HO_00598,252,UE_0021,CELL_002,CELL_006,intra_freq,-82.53,-88.36,7.09,1,,65.3
HO_00599,479,UE_0003,CELL_004,CELL_005,inter_freq,-89.76,-101.11,9.72,0,too_late,28.68
HO_00600,47,UE_0042,CELL_004,CELL_000,inter_rat,-100.74,-89.98,13.13,1,,32.4
HO_00601,159,UE_0035,CELL_006,CELL_003,inter_freq,-93.26,-73.62,34.17,1,,32.09
HO_00602,202,UE_0008,CELL_004,CELL_003,inter_freq,-88.81,-87.5,15.1,1,,58.58
HO_00603,443,UE_0015,CELL_004,CELL_001,intra_freq,-95.61,-81.43,15.81,1,,46.4
HO_00604,291,UE_0004,CELL_006,CELL_006,inter_rat,-109.85,-90.62,14.15,1,,66.56
HO_00605,166,UE_0027,CELL_003,CELL_001,inter_rat,-96.63,-98.79,18.67,1,,44.02
HO_00606,424,UE_0010,CELL_000,CELL_003,intra_freq,-103.25,-98.29,15.64,1,,41.76
HO_00607,118,UE_0035,CELL_001,CELL_002,intra_freq,-94.03,-84.9,29.21,1,,61.92
HO_00608,176,UE_0029,CELL_001,CELL_004,inter_freq,-94.84,-81.3,18.56,1,,54.38
HO_00609,452,UE_0022,CELL_005,CELL_001,inter_rat,-84.79,-84.01,9.11,1,,49.4
HO_00610,150,UE_0007,CELL_001,CELL_001,inter_rat,-86.48,-87.03,18.58,1,,38.0
HO_00611,108,UE_0043,CELL_006,CELL_006,inter_freq,-100.7,-83.9,33.53,1,,28.45
HO_00612,19,UE_0015,CELL_005,CELL_003,inter_rat,-82.75,-94.35,13.21,1,,62.89
HO_00613,381,UE_0005,CELL_003,CELL_001,inter_freq,-95.62,-81.18,26.83,1,,27.4
HO_00614,399,UE_0010,CELL_002,CELL_003,inter_rat,-100.82,-86.36,33.88,1,,52.96
HO_00615,90,UE_0000,CELL_003,CELL_002,intra_freq,-94.07,-91.75,31.12,1,,66.24
HO_00616,260,UE_0042,CELL_005,CELL_001,intra_freq,-96.73,-79.62,17.59,1,,59.97
HO_00617,402,UE_0035,CELL_000,CELL_001,inter_rat,-96.87,-80.25,7.25,1,,67.68
HO_00618,107,UE_0001,CELL_004,CELL_006,inter_rat,-98.53,-89.36,23.97,1,,28.38
HO_00619,460,UE_0020,CELL_004,CELL_003,inter_rat,-91.32,-97.94,31.47,1,,74.48
HO_00620,115,UE_0008,CELL_000,CELL_005,inter_rat,-97.61,-80.61,34.78,1,,46.05
HO_00621,351,UE_0040,CELL_000,CELL_004,inter_freq,-106.93,-96.62,12.01,1,,64.54
HO_00622,326,UE_0036,CELL_006,CELL_003,inter_rat,-98.74,-71.77,9.25,1,,54.98
HO_00623,45,UE_0030,CELL_002,CELL_001,intra_freq,-85.9,-103.92,2.23,1,,62.84
HO_00624,265,UE_0040,CELL_002,CELL_005,inter_rat,-98.34,-105.91,12.56,1,,68.95
HO_00625,391,UE_0024,CELL_000,CELL_006,inter_freq,-96.37,-87.11,1.82,1,,77.81
HO_00626,360,UE_0012,CELL_005,CELL_000,inter_freq,-87.8,-97.11,18.67,1,,34.45
HO_00627,74,UE_0035,CELL_006,CELL_004,intra_freq,-99.02,-76.42,7.59,1,,29.27
HO_00628,164,UE_0014,CELL_000,CELL_001,intra_freq,-77.53,-80.81,16.24,1,,39.14
HO_00629,290,UE_0028,CELL_004,CELL_006,inter_rat,-102.24,-89.63,26.14,1,,65.15
HO_00630,323,UE_0049,CELL_000,CELL_005,inter_rat,-103.21,-82.94,22.72,1,,33.12
HO_00631,484,UE_0040,CELL_005,CELL_000,inter_rat,-88.76,-98.48,11.88,1,,71.21
HO_00632,480,UE_0004,CELL_003,CELL_006,inter_freq,-106.25,-93.77,29.08,1,,68.07
HO_00633,166,UE_0036,CELL_006,CELL_002,intra_freq,-90.38,-94.59,30.13,1,,32.83
HO_00634,417,UE_0005,CELL_002,CELL_002,intra_freq,-86.71,-84.69,13.4,1,,52.86
HO_00635,407,UE_0029,CELL_004,CELL_006,inter_freq,-105.76,-81.98,18.58,1,,56.65
HO_00636,243,UE_0022,CELL_001,CELL_001,inter_rat,-92.09,-78.32,9.87,1,,60.44
HO_00637,366,UE_0030,CELL_003,CELL_003,inter_freq,-91.88,-90.66,22.27,1,,74.39
HO_00638,349,UE_0043,CELL_006,CELL_003,inter_freq,-102.1,-88.79,31.45,1,,59.73
HO_00639,378,UE_0009,CELL_005,CELL_005,inter_freq,-92.37,-91.71,16.39,1,,38.21
HO_00640,6,UE_0041,CELL_003,CELL_006,inter_freq,-90.38,-92.74,9.62,1,,54.27
HO_00641,383,UE_0004,CELL_003,CELL_005,inter_freq,-85.32,-97.28,4.08,1,,63.13
HO_00642,174,UE_0027,CELL_002,CELL_005,intra_freq,-87.57,-96.17,29.18,1,,54.09
HO_00643,440,UE_0020,CELL_006,CELL_002,intra_freq,-89.14,-78.96,10.67,1,,23.71
HO_00644,146,UE_0025,CELL_001,CELL_005,intra_freq,-103.43,-98.33,11.09,1,,52.61
HO_00645,288,UE_0017,CELL_005,CELL_000,intra_freq,-104.25,-95.01,12.38,1,,25.79
HO_00646,112,UE_0036,CELL_006,CELL_006,intra_freq,-106.92,-83.97,27.89,1,,53.06
HO_00647,381,UE_0034,CELL_001,CELL_003,intra_freq,-90.07,-93.31,29.74,1,,25.87
HO_00648,65,UE_0014,CELL_005,CELL_004,inter_freq,-94.2,-96.62,4.17,1,,55.46
HO_00649,131,UE_0033,CELL_005,CELL_003,intra_freq,-89.03,-94.14,7.97,1,,43.45
HO_00650,387,UE_0026,CELL_003,CELL_003,inter_freq,-102.7,-86.49,32.82,1,,41.29
HO_00651,138,UE_0023,CELL_006,CELL_002,inter_rat,-93.48,-101.17,11.45,1,,26.14
HO_00652,27,UE_0040,CELL_001,CELL_003,intra_freq,-79.38,-76.09,7.5,1,,64.27
HO_00653,98,UE_0026,CELL_006,CELL_004,inter_freq,-93.27,-81.93,2.5,1,,49.11
HO_00654,297,UE_0043,CELL_001,CELL_001,inter_rat,-91.19,-85.28,0.96,1,,78.28
HO_00655,79,UE_0006,CELL_002,CELL_001,intra_freq,-92.73,-94.28,33.79,1,,57.89
HO_00656,204,UE_0038,CELL_001,CELL_003,inter_freq,-98.23,-78.11,20.22,1,,20.75
HO_00657,191,UE_0035,CELL_002,CELL_004,inter_freq,-100.69,-85.38,1.96,1,,58.48
HO_00658,386,UE_0002,CELL_006,CELL_006,inter_rat,-96.98,-86.39,28.76,1,,52.63
HO_00659,442,UE_0047,CELL_005,CELL_002,intra_freq,-112.58,-91.4,16.66,1,,34.08
HO_00660,203,UE_0045,CELL_005,CELL_002,intra_freq,-106.78,-86.27,1.45,1,,22.36
HO_00661,28,UE_0006,CELL_003,CELL_002,intra_freq,-96.11,-90.83,9.07,1,,26.66
HO_00662,216,UE_0022,CELL_001,CELL_004,intra_freq,-80.43,-81.46,11.38,1,,74.01
HO_00663,327,UE_0009,CELL_002,CELL_004,inter_freq,-105.22,-85.87,2.86,1,,59.76
HO_00664,253,UE_0004,CELL_005,CELL_000,inter_rat,-103.86,-89.66,26.9,1,,61.91
HO_00665,277,UE_0003,CELL_001,CELL_003,inter_rat,-95.84,-88.52,27.05,1,,28.67
HO_00666,364,UE_0027,CELL_000,CELL_006,inter_rat,-100.89,-103.44,3.03,1,,43.65
HO_00667,27,UE_0033,CELL_003,CELL_004,inter_rat,-100.5,-81.33,9.14,1,,68.46
HO_00668,330,UE_0046,CELL_000,CELL_000,intra_freq,-99.3,-91.62,4.48,1,,54.33
HO_00669,339,UE_0047,CELL_005,CELL_005,intra_freq,-89.61,-84.99,17.27,1,,23.31
HO_00670,278,UE_0039,CELL_001,CELL_006,intra_freq,-91.43,-83.06,25.62,1,,21.95
HO_00671,152,UE_0012,CELL_002,CELL_005,inter_rat,-96.01,-86.6,14.02,1,,55.57
HO_00672,414,UE_0009,CELL_003,CELL_000,intra_freq,-110.65,-100.07,13.94,1,,47.73
HO_00673,41,UE_0005,CELL_003,CELL_002,inter_freq,-112.08,-75.5,21.35,1,,43.88
HO_00674,131,UE_0013,CELL_002,CELL_000,inter_rat,-92.95,-74.87,14.11,1,,33.59
HO_00675,115,UE_0004,CELL_005,CELL_006,inter_freq,-101.43,-100.95,14.7,1,,70.28
HO_00676,113,UE_0006,CELL_004,CELL_006,inter_freq,-92.62,-81.53,15.66,1,,32.49
HO_00677,446,UE_0045,CELL_002,CELL_001,inter_freq,-104.91,-87.54,15.09,1,,76.03
HO_00678,99,UE_0011,CELL_006,CELL_005,inter_freq,-95.29,-89.5,28.22,1,,73.52
HO_00679,365,UE_0038,CELL_001,CELL_006,inter_freq,-104.92,-107.19,4.72,1,,32.56
HO_00680,278,UE_0007,CELL_003,CELL_003,intra_freq,-103.99,-75.37,17.98,1,,29.48
HO_00681,185,UE_0031,CELL_000,CELL_003,inter_freq,-86.0,-96.87,2.34,1,,66.94
HO_00682,342,UE_0020,CELL_002,CELL_001,inter_freq,-87.75,-87.37,5.3,1,,48.29
HO_00683,80,UE_0040,CELL_006,CELL_001,inter_freq,-95.93,-93.75,21.57,1,,40.58
HO_00684,190,UE_0001,CELL_003,CELL_004,intra_freq,-96.85,-101.41,31.57,1,,58.82
HO_00685,63,UE_0014,CELL_002,CELL_004,inter_rat,-91.44,-74.36,24.96,1,,77.88
HO_00686,243,UE_0011,CELL_002,CELL_000,inter_rat,-90.08,-76.74,8.5,1,,45.85
HO_00687,182,UE_0019,CELL_002,CELL_000,intra_freq,-84.32,-87.92,2.4,1,,67.67
HO_00688,42,UE_0030,CELL_003,CELL_004,inter_rat,-87.4,-76.69,8.71,1,,36.4
HO_00689,321,UE_0007,CELL_002,CELL_005,inter_rat,-89.58,-78.6,34.57,1,,76.82
HO_00690,263,UE_0033,CELL_001,CELL_004,inter_freq,-105.03,-92.55,7.33,1,,24.23
HO_00691,191,UE_0018,CELL_002,CELL_000,inter_freq,-89.06,-99.2,34.96,1,,44.31
HO_00692,45,UE_0026,CELL_001,CELL_000,intra_freq,-93.21,-96.55,5.06,1,,39.21
HO_00693,374,UE_0016,CELL_006,CELL_003,inter_rat,-87.12,-78.11,34.12,1,,43.38
HO_00694,237,UE_0015,CELL_000,CELL_002,intra_freq,-92.41,-69.94,14.59,1,,52.14
HO_00695,108,UE_0032,CELL_006,CELL_006,inter_freq,-85.44,-82.51,0.5,1,,72.5
HO_00696,29,UE_0033,CELL_005,CELL_002,intra_freq,-96.29,-95.42,20.1,1,,29.23
HO_00697,22,UE_0041,CELL_002,CELL_001,intra_freq,-88.9,-98.46,27.11,1,,65.49
HO_00698,389,UE_0017,CELL_001,CELL_001,inter_freq,-95.9,-78.77,6.3,1,,30.56
HO_00699,255,UE_0007,CELL_006,CELL_004,intra_freq,-88.39,-78.29,19.07,1,,40.4
HO_00700,42,UE_0049,CELL_000,CELL_003,inter_freq,-85.58,-81.15,25.01,1,,26.68
HO_00701,118,UE_0018,CELL_001,CELL_002,inter_rat,-90.88,-88.6,0.65,1,,23.3
HO_00702,272,UE_0014,CELL_004,CELL_001,intra_freq,-99.13,-77.9,29.79,1,,47.69
HO_00703,323,UE_0000,CELL_004,CELL_003,intra_freq,-100.79,-80.27,15.02,1,,26.64
HO_00704,179,UE_0014,CELL_006,CELL_006,intra_freq,-87.65,-91.71,7.21,1,,41.12
HO_00705,45,UE_0032,CELL_006,CELL_006,intra_freq,-98.23,-96.9,28.5,1,,30.28
HO_00706,96,UE_0019,CELL_004,CELL_004,inter_rat,-88.96,-85.36,33.44,1,,49.56
HO_00707,409,UE_0013,CELL_002,CELL_004,inter_rat,-94.96,-82.22,10.38,1,,66.44
HO_00708,210,UE_0008,CELL_005,CELL_005,inter_rat,-81.28,-92.75,4.55,1,,68.35
HO_00709,426,UE_0016,CELL_005,CELL_005,inter_freq,-84.89,-85.91,3.18,1,,29.07
HO_00710,332,UE_0002,CELL_000,CELL_000,inter_freq,-81.16,-85.55,34.48,1,,37.97
HO_00711,115,UE_0032,CELL_002,CELL_000,intra_freq,-102.16,-83.58,11.21,1,,53.26
HO_00712,397,UE_0029,CELL_000,CELL_000,inter_rat,-94.39,-73.83,8.4,1,,64.6
HO_00713,352,UE_0012,CELL_001,CELL_004,intra_freq,-87.78,-98.18,4.72,1,,39.12
HO_00714,473,UE_0048,CELL_002,CELL_002,inter_rat,-93.84,-84.15,8.05,1,,75.73
HO_00715,356,UE_0018,CELL_003,CELL_004,inter_rat,-95.05,-91.44,4.67,1,,40.2
HO_00716,8,UE_0015,CELL_002,CELL_001,intra_freq,-95.43,-99.63,34.05,1,,21.69
HO_00717,473,UE_0016,CELL_002,CELL_002,inter_freq,-100.6,-95.48,11.74,1,,31.23
HO_00718,47,UE_0001,CELL_006,CELL_000,inter_freq,-94.22,-87.16,31.95,1,,46.47
HO_00719,130,UE_0013,CELL_003,CELL_005,intra_freq,-86.18,-82.83,14.74,1,,41.16
HO_00720,53,UE_0024,CELL_002,CELL_002,inter_freq,-101.16,-75.37,1.31,1,,46.45
HO_00721,349,UE_0045,CELL_005,CELL_001,inter_freq,-100.76,-91.93,6.96,1,,35.06
HO_00722,84,UE_0049,CELL_001,CELL_001,intra_freq,-112.78,-89.8,0.2,1,,50.51
HO_00723,486,UE_0013,CELL_001,CELL_000,inter_freq,-89.86,-94.34,17.6,1,,47.85
HO_00724,359,UE_0016,CELL_002,CELL_006,inter_freq,-101.85,-89.33,3.84,1,,23.53
HO_00725,492,UE_0043,CELL_004,CELL_001,intra_freq,-84.59,-101.06,34.9,1,,34.81
HO_00726,314,UE_0033,CELL_002,CELL_001,inter_rat,-94.42,-95.23,20.43,1,,49.36
HO_00727,395,UE_0009,CELL_006,CELL_004,inter_rat,-90.88,-84.11,24.64,1,,65.0
HO_00728,209,UE_0011,CELL_006,CELL_006,inter_rat,-108.99,-95.2,7.18,1,,63.63
HO_00729,17,UE_0000,CELL_006,CELL_004,inter_freq,-97.6,-94.52,5.1,1,,32.18
HO_00730,334,UE_0019,CELL_006,CELL_000,intra_freq,-87.25,-94.11,5.62,1,,62.21
HO_00731,329,UE_0026,CELL_004,CELL_004,intra_freq,-82.65,-84.08,12.68,1,,44.55
HO_00732,335,UE_0031,CELL_006,CELL_000,inter_freq,-93.03,-96.42,4.13,1,,29.87
HO_00733,189,UE_0044,CELL_004,CELL_005,intra_freq,-105.54,-100.64,28.08,1,,28.85
HO_00734,122,UE_0016,CELL_003,CELL_004,inter_freq,-79.92,-90.05,7.74,1,,53.85
HO_00735,334,UE_0017,CELL_006,CELL_004,inter_rat,-98.78,-87.85,22.75,0,ping_pong,46.56
HO_00736,277,UE_0047,CELL_006,CELL_005,inter_rat,-106.24,-89.71,22.31,1,,77.16
HO_00737,330,UE_0027,CELL_003,CELL_000,inter_freq,-100.33,-93.13,30.33,1,,64.48
HO_00738,151,UE_0010,CELL_001,CELL_000,inter_freq,-111.87,-91.71,10.3,1,,76.61
HO_00739,101,UE_0040,CELL_003,CELL_000,inter_freq,-97.96,-76.92,21.25,1,,46.67
HO_00740,141,UE_0015,CELL_004,CELL_001,inter_freq,-85.79,-82.07,26.91,1,,52.37
HO_00741,446,UE_0044,CELL_001,CELL_000,inter_freq,-85.21,-81.69,31.44,1,,36.91
HO_00742,450,UE_0038,CELL_003,CELL_000,inter_rat,-104.53,-79.29,32.13,1,,35.31
HO_00743,444,UE_0003,CELL_001,CELL_006,inter_rat,-101.36,-89.01,17.02,1,,34.79
HO_00744,31,UE_0002,CELL_000,CELL_002,intra_freq,-105.66,-80.94,28.24,1,,54.17
HO_00745,484,UE_0004,CELL_003,CELL_002,inter_rat,-94.66,-89.8,25.79,1,,35.17
HO_00746,4,UE_0007,CELL_006,CELL_002,inter_rat,-97.77,-85.71,10.74,1,,35.42
HO_00747,84,UE_0039,CELL_006,CELL_000,inter_rat,-84.03,-84.95,28.08,1,,48.06
HO_00748,406,UE_0008,CELL_004,CELL_005,intra_freq,-86.42,-89.9,3.93,1,,67.9
HO_00749,180,UE_0022,CELL_006,CELL_001,inter_rat,-98.15,-102.69,31.16,1,,58.62
HO_00750,497,UE_0034,CELL_002,CELL_002,inter_rat,-91.07,-82.2,26.85,1,,75.32
HO_00751,5,UE_0018,CELL_002,CELL_000,intra_freq,-108.96,-84.46,22.17,1,,70.38
HO_00752,494,UE_0017,CELL_000,CELL_000,inter_rat,-95.85,-100.8,4.94,1,,56.59
HO_00753,60,UE_0020,CELL_002,CELL_000,inter_rat,-91.96,-85.55,14.55,1,,31.91
HO_00754,468,UE_0043,CELL_002,CELL_006,inter_rat,-98.98,-77.72,33.48,1,,28.29
HO_00755,135,UE_0047,CELL_005,CELL_002,inter_rat,-109.03,-92.7,6.68,1,,26.22
HO_00756,136,UE_0006,CELL_004,CELL_006,inter_freq,-93.04,-90.81,4.72,1,,61.64
HO_00757,125,UE_0033,CELL_004,CELL_004,intra_freq,-90.27,-94.15,24.53,1,,20.92
HO_00758,8,UE_0025,CELL_002,CELL_006,intra_freq,-103.98,-93.9,28.72,1,,60.98
HO_00759,402,UE_0032,CELL_001,CELL_004,inter_rat,-82.15,-97.59,16.56,1,,54.49
HO_00760,26,UE_0042,CELL_005,CELL_001,intra_freq,-84.99,-91.85,24.24,1,,55.26
HO_00761,404,UE_0035,CELL_000,CELL_004,intra_freq,-87.18,-75.14,4.34,1,,22.94
HO_00762,258,UE_0031,CELL_000,CELL_003,inter_freq,-108.9,-92.75,24.46,1,,68.01
HO_00763,254,UE_0004,CELL_003,CELL_005,intra_freq,-79.81,-98.59,1.04,1,,25.55
HO_00764,177,UE_0001,CELL_000,CELL_000,inter_rat,-99.02,-84.73,28.72,1,,20.51
HO_00765,463,UE_0025,CELL_001,CELL_004,inter_rat,-99.91,-88.31,20.86,1,,59.68
HO_00766,396,UE_0015,CELL_001,CELL_004,inter_freq,-98.51,-69.66,25.19,1,,31.89
HO_00767,315,UE_0035,CELL_000,CELL_000,inter_freq,-87.61,-92.87,19.71,1,,73.2
HO_00768,245,UE_0008,CELL_004,CELL_001,inter_rat,-92.53,-87.42,6.22,1,,21.64
HO_00769,211,UE_0029,CELL_000,CELL_005,inter_freq,-90.1,-91.83,5.34,1,,68.04
HO_00770,176,UE_0012,CELL_002,CELL_003,intra_freq,-108.57,-92.53,12.08,1,,67.05
HO_00771,305,UE_0008,CELL_006,CELL_006,inter_rat,-94.3,-79.07,29.01,1,,51.76
HO_00772,260,UE_0043,CELL_004,CELL_002,intra_freq,-89.56,-107.18,28.35,1,,37.38
HO_00773,344,UE_0017,CELL_006,CELL_003,intra_freq,-99.61,-70.65,19.19,1,,23.79
HO_00774,161,UE_0046,CELL_003,CELL_004,intra_freq,-95.88,-92.31,26.15,1,,31.3
HO_00775,95,UE_0034,CELL_006,CELL_000,intra_freq,-97.92,-88.86,21.88,1,,42.13
HO_00776,326,UE_0006,CELL_000,CELL_001,intra_freq,-80.02,-92.08,5.01,1,,44.84
HO_00777,18,UE_0037,CELL_001,CELL_005,inter_freq,-85.43,-97.34,26.33,1,,61.48
HO_00778,50,UE_0030,CELL_003,CELL_005,intra_freq,-77.93,-89.7,19.59,1,,34.88
HO_00779,239,UE_0017,CELL_002,CELL_004,inter_freq,-87.17,-80.13,13.58,1,,52.44
HO_00780,325,UE_0034,CELL_000,CELL_002,inter_rat,-96.5,-83.79,21.29,1,,22.15
HO_00781,53,UE_0042,CELL_005,CELL_006,inter_freq,-90.27,-82.54,20.07,1,,25.39
HO_00782,339,UE_0042,CELL_000,CELL_002,inter_freq,-99.96,-84.98,30.54,1,,45.71
HO_00783,489,UE_0003,CELL_000,CELL_005,intra_freq,-98.18,-98.27,7.14,1,,39.28
HO_00784,63,UE_0029,CELL_006,CELL_002,intra_freq,-96.65,-95.16,1.14,1,,34.92
HO_00785,451,UE_0044,CELL_005,CELL_005,inter_rat,-92.49,-80.11,19.82,1,,36.81
HO_00786,45,UE_0041,CELL_001,CELL_006,inter_rat,-99.42,-95.91,1.11,1,,49.7
HO_00787,208,UE_0048,CELL_005,CELL_005,inter_rat,-90.87,-84.39,13.25,1,,25.96
HO_00788,173,UE_0006,CELL_004,CELL_003,inter_rat,-97.1,-92.76,20.86,1,,65.36
HO_00789,215,UE_0006,CELL_006,CELL_006,inter_rat,-103.38,-83.07,6.48,1,,57.93
HO_00790,171,UE_0016,CELL_006,CELL_003,intra_freq,-95.94,-83.92,27.77,1,,66.34
HO_00791,478,UE_0028,CELL_006,CELL_004,inter_rat,-98.39,-74.18,25.77,1,,41.77
HO_00792,133,UE_0022,CELL_002,CELL_005,inter_freq,-97.98,-89.04,25.69,1,,78.1
HO_00793,406,UE_0044,CELL_002,CELL_005,inter_freq,-95.09,-81.96,31.89,1,,74.94
HO_00794,230,UE_0019,CELL_005,CELL_002,inter_rat,-85.31,-88.52,2.98,1,,54.46
HO_00795,73,UE_0014,CELL_006,CELL_004,inter_freq,-98.71,-95.11,12.98,1,,71.34
HO_00796,280,UE_0040,CELL_006,CELL_000,intra_freq,-88.6,-79.14,17.37,1,,53.18
HO_00797,87,UE_0009,CELL_002,CELL_002,inter_rat,-82.41,-76.13,30.85,1,,74.12
HO_00798,490,UE_0043,CELL_004,CELL_000,intra_freq,-95.93,-87.54,11.63,1,,44.39
HO_00799,207,UE_0042,CELL_004,CELL_005,intra_freq,-107.36,-88.58,28.47,1,,41.07
