timestamp,slice,prb_utilization,active_ues,sla_compliance,throughput_mbps,latency_p99_ms
0,eMBB,0.668,22,0.9635,91.57,27.17
0,URLLC,0.784,21,0.9878,106.74,7.77
0,mMTC,0.56,18,0.9704,111.15,0.33
1,eMBB,0.738,11,0.9056,232.67,46.16
1,URLLC,0.873,14,0.9115,185.15,22.25
1,mMTC,0.291,17,0.9995,140.09,17.66
2,eMBB,0.505,17,0.9518,59.11,0.35
2,URLLC,0.554,21,0.9354,103.89,2.73
2,mMTC,0.83,22,0.979,260.61,3.8
3,eMBB,0.343,19,0.9882,144.99,8.94
3,URLLC,0.475,6,0.9363,92.97,4.53
3,mMTC,0.786,12,0.9367,100.83,26.03
4,eMBB,0.605,19,0.9378,118.98,10.61
4,URLLC,0.488,8,0.9457,73.34,36.36
4,mMTC,0.627,11,0.9145,102.57,5.25
5,eMBB,0.67,15,0.9295,112.3,5.7
5,URLLC,0.353,20,0.9941,143.37,4.21
5,mMTC,0.312,11,0.9401,134.26,7.82
6,eMBB,0.353,9,0.9566,167.77,2.73
6,URLLC,0.432,6,0.9241,180.9,6.69
6,mMTC,0.602,16,0.9408,64.93,12.63
7,eMBB,0.7,23,0.9681,258.51,1.57
7,URLLC,0.829,15,0.9803,262.7,4.65
7,mMTC,0.627,17,0.985,304.66,31.16
8,eMBB,0.453,6,0.9843,209.51,9.5
8,URLLC,0.623,6,0.9949,297.41,8.12
8,mMTC,0.814,17,0.9606,269.13,4.57
9,eMBB,0.456,9,0.9815,64.58,22.09
9,URLLC,0.584,24,0.9889,256.71,10.52
9,mMTC,0.777,12,0.9857,338.16,2.87
10,eMBB,0.211,18,0.9157,85.2,0.02
10,URLLC,0.496,16,0.9476,244.31,1.42
10,mMTC,0.394,17,0.9484,88.45,2.66
11,eMBB,0.73,15,0.9324,164.45,5.01
11,URLLC,0.405,20,0.994,86.92,14.09
11,mMTC,0.268,12,0.9592,46.85,13.49
12,eMBB,0.593,19,0.9712,182.54,17.32
12,URLLC,0.732,16,0.9115,231.24,3.89
12,mMTC,0.446,11,0.9331,143.52,19.96
13,eMBB,0.461,22,0.9119,220.04,9.99
13,URLLC,0.499,15,0.9511,185.77,1.13
13,mMTC,0.763,12,0.9958,213.9,4.84
14,eMBB,0.376,17,0.964,93.22,7.27
14,URLLC,0.549,18,0.9437,177.17,2.93
14,mMTC,0.289,9,0.9939,131.86,5.89
15,eMBB,0.748,19,0.9638,245.43,5.86
15,URLLC,0.709,10,0.9463,263.7,1.12
15,mMTC,0.631,20,0.9928,226.03,0.84
16,eMBB,0.211,18,0.9845,88.28,19.49
16,URLLC,0.351,17,0.9771,105.93,1.97
16,mMTC,0.85,5,0.9255,264.86,5.47
17,eMBB,0.363,24,0.939,82.62,7.87
17,URLLC,0.888,9,0.9217,174.34,2.26
17,mMTC,0.615,18,0.933,150.69,9.68
18,eMBB,0.206,9,0.9221,69.4,0.1
18,URLLC,0.316,10,0.9115,134.4,1.23
18,mMTC,0.659,15,0.9378,130.28,8.4
19,eMBB,0.48,7,0.9448,142.2,1.64
19,URLLC,0.853,16,0.9252,399.05,0.79
19,mMTC,0.438,19,0.9286,85.31,9.17
20,eMBB,0.742,16,0.9689,313.47,7.88
20,URLLC,0.639,23,0.9518,293.95,0.97
20,mMTC,0.371,21,0.9393,111.94,3.29
21,eMBB,0.611,16,0.9053,251.22,0.54
21,URLLC,0.291,5,0.9514,48.09,1.73
21,mMTC,0.9,11,0.9893,266.72,0.43
22,eMBB,0.449,10,0.9691,193.74,0.78
22,URLLC,0.674,21,0.9549,262.61,4.02
22,mMTC,0.701,17,0.9818,174.04,12.3
23,eMBB,0.798,14,0.9363,247.98,11.88
23,URLLC,0.823,21,0.9774,403.67,5.01
23,mMTC,0.715,17,0.9286,169.79,0.41
24,eMBB,0.401,19,0.9111,154.46,2.0
24,URLLC,0.769,10,0.9084,157.26,4.8
24,mMTC,0.64,11,0.9676,298.67,9.5
25,eMBB,0.592,22,0.9849,65.9,6.64
25,URLLC,0.893,18,0.9993,227.0,18.74
25,mMTC,0.721,7,0.9384,280.09,2.07
26,eMBB,0.813,18,0.9162,157.65,0.3
26,URLLC,0.548,22,0.904,93.55,13.38
26,mMTC,0.794,9,0.9275,307.06,5.49
27,eMBB,0.566,23,0.969,77.64,13.0
27,URLLC,0.528,23,0.9758,53.71,2.72
27,mMTC,0.272,17,0.9808,91.7,10.87
28,eMBB,0.784,21,0.972,99.49,3.98
28,URLLC,0.501,21,0.9232,88.55,0.93
28,mMTC,0.461,21,0.9537,221.44,0.79
29,eMBB,0.404,9,0.9113,89.66,11.47
29,URLLC,0.546,7,0.9646,147.39,3.25
29,mMTC,0.411,10,0.9726,84.14,13.33
30,eMBB,0.543,11,0.9298,159.39,0.02
30,URLLC,0.641,12,0.9186,286.27,1.14
30,mMTC,0.495,22,0.9819,90.62,2.78
31,eMBB,0.326,20,0.962,84.51,3.24
31,URLLC,0.424,19,0.9504,80.96,3.52
31,mMTC,0.217,16,0.9655,79.36,17.78
32,eMBB,0.385,9,0.9062,191.72,2.63
32,URLLC,0.484,12,0.9895,232.0,12.09
32,mMTC,0.542,10,0.9858,116.62,3.24
33,eMBB,0.813,22,0.9968,222.78,7.51
33,URLLC,0.576,15,0.9363,97.53,5.32
33,mMTC,0.544,17,0.911,196.35,5.78
34,eMBB,0.746,5,0.9804,114.35,10.96
34,URLLC,0.659,7,0.9409,91.56,3.31
34,mMTC,0.352,8,0.9903,165.54,0.53
35,eMBB,0.32,10,0.9169,134.55,0.27
35,URLLC,0.692,14,0.9085,182.52,14.74
35,mMTC,0.756,8,0.9983,133.29,8.23
36,eMBB,0.566,9,0.9946,246.79,2.47
36,URLLC,0.572,15,0.9254,202.5,2.9
36,mMTC,0.284,5,0.9056,71.08,4.17
37,eMBB,0.207,20,0.9555,67.42,4.19
37,URLLC,0.625,14,0.9203,277.42,9.76
37,mMTC,0.755,20,0.9025,257.59,4.56
38,eMBB,0.771,24,0.9741,153.5,0.44
38,URLLC,0.337,6,0.9038,110.89,23.42
38,mMTC,0.389,13,0.9498,130.23,9.14
39,eMBB,0.387,15,0.9341,129.39,7.25
39,URLLC,0.469,18,0.9247,70.46,3.35
39,mMTC,0.896,19,0.9292,176.65,2.94
40,eMBB,0.862,11,0.935,186.76,10.02
40,URLLC,0.58,24,0.94,163.47,3.89
40,mMTC,0.62,23,0.9466,207.01,21.66
41,eMBB,0.33,17,0.9201,96.23,1.38
41,URLLC,0.634,17,0.9135,242.09,0.47
41,mMTC,0.457,10,0.998,174.97,13.37
42,eMBB,0.693,18,0.9445,116.31,29.41
42,URLLC,0.453,5,0.9113,185.9,24.75
42,mMTC,0.547,20,0.9842,54.93,9.72
43,eMBB,0.819,13,0.9682,194.49,9.53
43,URLLC,0.712,23,0.9247,275.55,32.77
43,mMTC,0.585,6,0.9959,199.13,3.24
44,eMBB,0.604,7,0.9425,209.59,1.15
44,URLLC,0.766,9,0.9371,160.23,5.61
44,mMTC,0.743,24,0.9802,192.62,20.49
45,eMBB,0.317,20,0.9907,63.13,20.51
45,URLLC,0.659,15,0.97,160.49,0.96
45,mMTC,0.712,22,0.9282,141.76,12.64
46,eMBB,0.297,11,0.9009,99.11,9.52
46,URLLC,0.516,9,0.941,250.37,5.94
46,mMTC,0.852,23,0.9426,153.19,0.43
47,eMBB,0.231,15,0.9241,53.37,5.13
47,URLLC,0.401,16,0.9919,94.03,5.78
47,mMTC,0.254,21,0.9082,61.65,3.46
48,eMBB,0.682,10,0.9083,289.19,3.23
48,URLLC,0.647,17,0.9261,103.56,15.6
48,mMTC,0.316,17,0.9006,119.5,14.08
49,eMBB,0.604,14,0.9029,225.46,3.05
49,URLLC,0.827,13,0.9627,232.54,1.87
49,mMTC,0.719,8,0.9655,355.4,11.28
50,eMBB,0.257,7,0.9632,46.48,1.33
50,URLLC,0.482,17,0.9743,239.46,8.78
50,mMTC,0.312,18,0.983,58.61,5.3
51,eMBB,0.724,17,0.918,308.75,5.71
51,URLLC,0.497,20,0.9747,232.87,3.19
51,mMTC,0.739,22,0.9451,97.83,4.97
52,eMBB,0.654,11,0.9166,266.31,9.38
52,URLLC,0.854,17,0.9428,414.2,7.36
52,mMTC,0.283,16,0.9711,35.06,3.14
53,eMBB,0.208,16,0.9103,52.71,4.13
53,URLLC,0.628,7,0.9355,302.46,7.79
53,mMTC,0.624,12,0.9646,162.44,10.77
54,eMBB,0.722,6,0.986,220.76,25.26
54,URLLC,0.861,5,0.9961,271.26,3.04
54,mMTC,0.348,5,0.9654,44.57,1.34
55,eMBB,0.211,15,0.9403,69.31,2.58
55,URLLC,0.524,5,0.9049,232.62,20.77
55,mMTC,0.853,13,0.999,297.26,28.54
56,eMBB,0.392,17,0.9773,128.3,17.79
56,URLLC,0.535,5,0.9425,130.45,2.87
56,mMTC,0.858,16,0.946,183.58,11.21
57,eMBB,0.859,6,0.9219,202.54,9.94
57,URLLC,0.839,24,0.9363,199.44,7.02
57,mMTC,0.302,13,0.9205,89.74,5.81
58,eMBB,0.233,13,0.9014,67.89,18.25
58,URLLC,0.572,22,0.9635,141.71,3.93
58,mMTC,0.899,9,0.9413,312.58,1.82
59,eMBB,0.72,23,0.9037,235.69,3.05
59,URLLC,0.267,20,0.9473,73.89,1.69
59,mMTC,0.242,23,0.9568,79.5,1.14
60,eMBB,0.372,17,0.9545,80.79,5.03
60,URLLC,0.309,13,0.9682,51.43,4.9
60,mMTC,0.803,18,0.9103,347.63,14.12
61,eMBB,0.591,14,0.9701,128.26,5.88
61,URLLC,0.745,12,0.9911,145.89,20.65
61,mMTC,0.326,19,0.9021,39.79,6.82
62,eMBB,0.537,11,0.9366,109.33,17.81
62,URLLC,0.654,7,0.9659,93.64,0.83
62,mMTC,0.458,17,0.976,191.0,9.38
63,eMBB,0.409,22,0.9069,166.44,4.27
63,URLLC,0.492,24,0.9592,147.37,8.12
63,mMTC,0.209,5,0.9415,93.98,6.55
64,eMBB,0.633,9,0.9709,187.1,5.32
64,URLLC,0.783,17,0.9599,168.77,8.77
64,mMTC,0.417,19,0.9923,164.06,8.92
65,eMBB,0.38,20,0.9623,66.98,0.61
65,URLLC,0.791,6,0.9407,295.72,21.36
65,mMTC,0.757,17,0.9134,104.7,17.49
66,eMBB,0.237,24,0.9473,54.93,3.95
66,URLLC,0.807,22,0.9585,280.58,0.34
66,mMTC,0.634,22,0.9171,79.11,2.94
67,eMBB,0.702,16,0.9809,165.93,0.78
67,URLLC,0.661,5,0.9435,202.34,1.3
67,mMTC,0.236,18,0.9064,71.84,10.65
68,eMBB,0.488,20,0.9977,163.88,6.61
68,URLLC,0.513,11,0.9279,57.08,7.42
68,mMTC,0.312,15,0.9001,142.6,12.84
69,eMBB,0.783,14,0.9448,167.28,4.56
69,URLLC,0.843,17,0.9508,161.62,6.1
69,mMTC,0.418,5,0.9066,193.53,28.89
70,eMBB,0.262,22,0.9798,64.46,0.26
70,URLLC,0.426,12,0.915,114.13,16.09
70,mMTC,0.375,10,0.9093,145.98,3.53
71,eMBB,0.692,21,0.9529,87.56,10.15
71,URLLC,0.671,16,0.91,239.8,16.77
71,mMTC,0.234,14,0.9812,80.57,0.76
72,eMBB,0.415,5,0.9586,184.58,17.43
72,URLLC,0.665,24,0.9835,97.17,0.41
72,mMTC,0.41,19,0.9787,179.08,9.56
73,eMBB,0.341,21,0.905,114.09,12.31
73,URLLC,0.472,12,0.9274,137.53,12.0
73,mMTC,0.892,23,0.9792,97.64,4.19
74,eMBB,0.685,11,0.9281,191.38,3.88
74,URLLC,0.89,13,0.9316,370.76,3.22
74,mMTC,0.825,17,0.9182,202.54,21.46
75,eMBB,0.547,8,0.9051,109.19,1.7
75,URLLC,0.454,13,0.9674,218.41,0.31
75,mMTC,0.393,16,0.961,50.7,5.66
76,eMBB,0.461,18,0.9156,125.21,1.92
76,URLLC,0.623,5,0.9445,293.98,4.99
76,mMTC,0.722,20,0.9238,136.5,1.96
77,eMBB,0.412,5,0.9231,114.41,4.68
77,URLLC,0.76,13,0.9131,330.0,2.53
77,mMTC,0.647,14,0.9213,92.02,8.76
78,eMBB,0.543,22,0.9711,155.92,5.52
78,URLLC,0.22,10,0.9431,31.67,25.2
78,mMTC,0.886,16,0.9896,260.52,5.37
79,eMBB,0.34,17,0.9743,167.85,7.7
79,URLLC,0.581,13,0.9526,284.86,4.47
79,mMTC,0.555,10,0.9065,252.0,8.06
80,eMBB,0.4,22,0.9103,48.8,0.73
80,URLLC,0.281,10,0.9294,41.25,19.37
80,mMTC,0.47,17,0.9429,73.78,3.43
81,eMBB,0.663,21,0.9368,214.94,14.45
81,URLLC,0.349,21,0.9381,150.81,35.78
81,mMTC,0.423,14,0.9793,57.83,5.81
82,eMBB,0.409,21,0.9836,115.08,12.69
82,URLLC,0.272,7,0.923,60.21,2.62
82,mMTC,0.508,8,0.9323,146.11,5.48
83,eMBB,0.707,21,0.9066,81.37,13.59
83,URLLC,0.228,8,0.9603,59.7,3.11
83,mMTC,0.208,10,0.9684,93.91,4.54
84,eMBB,0.22,22,0.9107,40.98,16.8
84,URLLC,0.649,16,0.9666,267.65,27.48
84,mMTC,0.26,13,0.9042,44.2,20.3
85,eMBB,0.718,11,0.9494,81.43,0.68
85,URLLC,0.556,12,0.9759,141.42,0.31
85,mMTC,0.28,22,0.9802,53.67,6.83
86,eMBB,0.782,14,0.9187,249.78,11.96
86,URLLC,0.692,11,0.9006,263.65,8.55
86,mMTC,0.492,21,0.906,51.26,0.78
87,eMBB,0.839,17,0.9982,388.55,7.35
87,URLLC,0.3,22,0.9138,106.82,5.31
87,mMTC,0.414,10,0.9555,203.24,10.51
88,eMBB,0.387,14,0.9583,108.05,14.65
88,URLLC,0.657,7,0.9518,199.04,9.56
88,mMTC,0.728,23,0.9291,214.3,0.91
89,eMBB,0.668,22,0.9343,322.88,6.57
89,URLLC,0.289,20,0.9197,47.91,2.7
89,mMTC,0.398,11,0.9459,89.7,18.65
90,eMBB,0.375,10,0.9208,165.2,13.99
90,URLLC,0.565,22,0.905,166.32,1.83
90,mMTC,0.531,10,0.9943,195.42,22.11
91,eMBB,0.327,12,0.9633,74.24,4.1
91,URLLC,0.566,24,0.9703,274.03,6.01
91,mMTC,0.89,17,0.9551,231.51,13.51
92,eMBB,0.376,24,0.9072,166.96,5.76
92,URLLC,0.479,17,0.9271,136.85,4.66
92,mMTC,0.25,8,0.9843,123.17,5.85
93,eMBB,0.321,19,0.9356,86.99,16.3
93,URLLC,0.427,24,0.9776,182.37,16.85
93,mMTC,0.576,18,0.9892,86.21,2.88
94,eMBB,0.27,22,0.9076,64.45,11.3
94,URLLC,0.235,9,0.9482,79.03,3.34
94,mMTC,0.837,10,0.9546,252.01,2.01
95,eMBB,0.778,21,0.9301,135.66,5.12
95,URLLC,0.463,20,0.955,115.85,15.49
95,mMTC,0.394,7,0.9317,173.67,6.76
96,eMBB,0.596,23,0.9812,220.25,3.01
96,URLLC,0.294,10,0.9543,145.04,8.49
96,mMTC,0.875,24,0.9796,103.28,1.38
97,eMBB,0.312,14,0.9954,153.32,6.06
97,URLLC,0.221,9,0.9381,108.75,5.36
97,mMTC,0.616,5,0.9828,109.56,3.43
98,eMBB,0.767,19,0.9757,244.72,0.78
98,URLLC,0.491,12,0.9889,136.48,1.58
98,mMTC,0.361,13,0.9427,152.05,4.04
99,eMBB,0.881,8,0.9716,343.52,2.5
99,URLLC,0.767,14,0.9526,235.24,7.46
99,mMTC,0.28,12,0.992,74.77,9.47
100,eMBB,0.618,23,0.9081,104.57,12.03
100,URLLC,0.503,5,0.9067,159.49,9.54
100,mMTC,0.409,18,0.9456,45.78,13.83
101,eMBB,0.85,9,0.9417,271.81,22.51
101,URLLC,0.894,24,0.9472,217.42,8.05
101,mMTC,0.896,19,0.9255,249.48,3.04
102,eMBB,0.297,16,0.9066,142.63,1.22
102,URLLC,0.788,13,0.955,292.81,3.22
102,mMTC,0.725,10,0.927,77.94,5.25
103,eMBB,0.753,15,0.9647,297.4,21.59
103,URLLC,0.4,11,0.9506,84.51,6.31
103,mMTC,0.434,16,0.9692,147.71,29.98
104,eMBB,0.877,11,0.9773,414.78,0.77
104,URLLC,0.678,21,0.9607,103.12,1.37
104,mMTC,0.466,7,0.9261,72.0,6.01
105,eMBB,0.695,15,0.9073,187.83,1.37
105,URLLC,0.273,5,0.9538,69.86,9.8
105,mMTC,0.694,10,0.9932,310.3,2.54
106,eMBB,0.315,19,0.9323,72.52,20.39
106,URLLC,0.509,23,0.9776,206.67,10.8
106,mMTC,0.662,15,0.9762,68.03,6.68
107,eMBB,0.88,15,0.92,190.76,8.79
107,URLLC,0.784,12,0.9824,249.37,7.61
107,mMTC,0.711,17,0.9418,235.08,0.4
108,eMBB,0.303,19,0.9194,125.29,0.64
108,URLLC,0.799,18,0.9162,383.83,1.68
108,mMTC,0.755,20,0.9178,148.21,0.65
109,eMBB,0.52,9,0.9952,209.91,3.49
109,URLLC,0.82,12,0.9768,203.63,3.02
109,mMTC,0.729,8,0.9435,252.32,0.14
110,eMBB,0.478,12,0.9503,57.31,0.02
110,URLLC,0.228,10,0.9562,51.75,0.36
110,mMTC,0.582,24,0.9337,84.51,11.24
111,eMBB,0.297,10,0.947,96.93,10.4
111,URLLC,0.497,9,0.9458,199.23,9.15
111,mMTC,0.305,14,0.9951,38.66,29.94
112,eMBB,0.836,9,0.9981,323.97,3.76
112,URLLC,0.542,18,0.9383,62.22,2.26
112,mMTC,0.794,9,0.9375,115.31,17.22
113,eMBB,0.576,19,0.9646,278.82,2.64
113,URLLC,0.435,17,0.9288,184.39,14.2
113,mMTC,0.612,10,0.9844,134.09,3.12
114,eMBB,0.498,24,0.9343,120.54,7.01
114,URLLC,0.748,17,0.9634,292.07,2.5
114,mMTC,0.757,20,0.9724,328.01,5.62
115,eMBB,0.612,18,0.9021,288.92,9.87
115,URLLC,0.469,13,0.9515,219.56,2.97
115,mMTC,0.509,13,0.9346,231.03,16.07
116,eMBB,0.747,20,0.935,302.67,0.49
116,URLLC,0.42,5,0.9942,102.6,7.37
116,mMTC,0.2,6,0.9045,69.77,4.5
117,eMBB,0.799,19,0.9142,286.68,4.2
117,URLLC,0.565,14,0.9174,121.22,1.57
117,mMTC,0.714,21,0.9855,176.65,2.71
118,eMBB,0.285,19,0.9289,136.19,3.27
118,URLLC,0.681,6,0.9844,114.98,3.25
118,mMTC,0.799,5,0.9587,375.68,28.44
119,eMBB,0.237,21,0.9918,102.66,3.25
119,URLLC,0.348,20,0.9042,103.28,0.08
119,mMTC,0.411,10,0.922,99.87,7.21
120,eMBB,0.615,17,0.9884,120.35,39.01
120,URLLC,0.686,11,0.966,230.28,1.86
120,mMTC,0.371,9,0.9372,185.34,11.18
121,eMBB,0.761,20,0.9486,94.87,22.09
121,URLLC,0.233,15,0.9768,77.92,8.24
121,mMTC,0.311,5,0.9893,50.79,1.25
122,eMBB,0.48,12,0.9141,100.31,0.5
122,URLLC,0.347,7,0.9432,68.19,2.95
122,mMTC,0.302,7,0.9462,133.39,35.91
123,eMBB,0.884,17,0.9966,319.65,4.94
123,URLLC,0.676,17,0.9888,169.01,3.53
123,mMTC,0.569,19,0.934,152.95,0.06
124,eMBB,0.547,20,0.9335,145.71,15.34
124,URLLC,0.316,22,0.9646,36.01,9.68
124,mMTC,0.775,7,0.9922,122.53,6.96
125,eMBB,0.384,21,0.9643,180.09,29.26
125,URLLC,0.491,16,0.9454,150.27,1.28
125,mMTC,0.289,15,0.9535,92.71,0.24
126,eMBB,0.501,22,0.9717,248.08,6.8
126,URLLC,0.794,13,0.9818,155.67,5.73
126,mMTC,0.425,10,0.9593,209.28,2.33
127,eMBB,0.676,8,0.9445,332.78,0.96
127,URLLC,0.328,14,0.9192,55.56,9.32
127,mMTC,0.247,11,0.9501,70.57,16.11
128,eMBB,0.7,20,0.9371,301.57,11.1
128,URLLC,0.829,14,0.9217,356.3,0.53
128,mMTC,0.806,16,0.9785,154.14,7.6
129,eMBB,0.683,24,0.9389,99.82,11.46
129,URLLC,0.505,19,0.9526,114.44,9.79
129,mMTC,0.671,11,0.929,138.46,8.03
130,eMBB,0.846,12,0.9774,200.1,1.54
130,URLLC,0.367,10,0.9991,93.86,3.61
130,mMTC,0.312,7,0.9455,104.51,3.74
131,eMBB,0.643,22,0.9396,293.64,11.51
131,URLLC,0.817,10,0.9574,283.37,15.17
131,mMTC,0.518,18,0.9184,129.1,22.17
132,eMBB,0.594,16,0.9071,158.36,24.19
132,URLLC,0.821,21,0.929,143.31,5.83
132,mMTC,0.349,6,0.9123,85.41,1.5
133,eMBB,0.392,15,0.9429,185.05,7.94
133,URLLC,0.359,20,0.9902,40.86,25.31
133,mMTC,0.547,20,0.9458,169.54,23.68
134,eMBB,0.662,9,0.9095,73.74,0.73
134,URLLC,0.697,11,0.9189,337.57,2.19
134,mMTC,0.551,11,0.9847,205.22,3.36
135,eMBB,0.806,11,0.9393,297.26,15.13
135,URLLC,0.79,16,0.9845,82.61,1.96
135,mMTC,0.457,15,0.9143,176.44,11.88
136,eMBB,0.226,5,0.9272,76.63,3.48
136,URLLC,0.322,8,0.9667,154.56,26.6
136,mMTC,0.621,10,0.9838,99.75,10.76
137,eMBB,0.604,15,0.9385,83.43,10.33
137,URLLC,0.771,9,0.9572,355.12,1.99
137,mMTC,0.654,8,0.9583,201.56,5.41
138,eMBB,0.767,10,0.9599,340.09,9.27
138,URLLC,0.439,6,0.911,147.92,8.58
138,mMTC,0.601,18,0.9639,126.91,4.99
139,eMBB,0.338,21,0.9922,143.84,1.48
139,URLLC,0.743,13,0.931,223.89,1.9
139,mMTC,0.395,21,0.9563,151.92,1.3
140,eMBB,0.608,24,0.9008,252.82,1.84
140,URLLC,0.781,19,0.9659,83.16,4.39
140,mMTC,0.585,18,0.9558,256.35,0.03
141,eMBB,0.305,23,0.9325,70.75,11.96
141,URLLC,0.318,13,0.9864,57.0,2.63
141,mMTC,0.657,16,0.9479,174.75,9.29
142,eMBB,0.339,5,0.9724,139.14,26.62
142,URLLC,0.577,20,0.9633,97.46,2.35
142,mMTC,0.812,23,0.9745,344.77,2.85
143,eMBB,0.504,12,0.95,178.68,1.65
143,URLLC,0.22,23,0.9662,31.65,8.17
143,mMTC,0.421,5,0.992,175.4,6.48
144,eMBB,0.839,13,0.9692,265.99,4.5
144,URLLC,0.538,7,0.9399,87.39,7.9
144,mMTC,0.227,6,0.973,37.4,8.17
145,eMBB,0.295,24,0.9873,44.02,2.51
145,URLLC,0.329,9,0.9072,120.67,9.6
145,mMTC,0.735,13,0.9687,256.94,9.95
146,eMBB,0.319,6,0.9616,147.2,7.91
146,URLLC,0.382,22,0.9268,177.81,0.39
146,mMTC,0.489,20,0.9186,162.33,9.77
147,eMBB,0.555,13,0.9623,129.81,1.79
147,URLLC,0.713,23,0.9033,320.02,7.93
147,mMTC,0.863,20,0.9471,279.75,7.69
148,eMBB,0.617,18,0.9156,193.34,9.39
148,URLLC,0.595,14,0.9046,246.66,0.65
148,mMTC,0.324,10,0.9391,112.45,5.82
149,eMBB,0.583,5,0.9243,139.9,6.07
149,URLLC,0.59,8,0.9052,237.17,8.52
149,mMTC,0.471,16,0.9722,47.75,12.47
150,eMBB,0.26,18,0.9887,96.27,10.35
150,URLLC,0.424,12,0.9555,94.48,4.35
150,mMTC,0.82,24,0.9674,274.01,13.38
151,eMBB,0.305,17,0.9689,144.7,15.51
151,URLLC,0.544,10,0.968,126.93,0.76
151,mMTC,0.24,10,0.9294,67.78,2.62
152,eMBB,0.314,11,0.9647,99.69,8.13
152,URLLC,0.232,20,0.9659,91.0,9.16
152,mMTC,0.533,14,0.9771,90.28,7.89
153,eMBB,0.884,23,0.9941,333.19,22.52
153,URLLC,0.764,14,0.9217,170.81,15.08
153,mMTC,0.366,14,0.9237,182.41,9.2
154,eMBB,0.502,19,0.9167,59.04,7.16
154,URLLC,0.846,19,0.9245,237.31,1.34
154,mMTC,0.258,20,0.9078,55.27,2.34
155,eMBB,0.478,6,0.952,77.17,9.8
155,URLLC,0.77,24,0.974,95.15,0.11
155,mMTC,0.445,23,0.9845,147.71,24.13
156,eMBB,0.632,16,0.9652,138.92,3.36
156,URLLC,0.809,9,0.9015,372.22,2.34
156,mMTC,0.607,19,0.9261,125.41,6.09
157,eMBB,0.263,14,0.9405,48.45,6.17
157,URLLC,0.467,22,0.9966,91.99,6.53
157,mMTC,0.634,5,0.9707,179.01,3.22
158,eMBB,0.744,9,0.9889,87.25,0.2
158,URLLC,0.317,24,0.9855,122.08,5.3
158,mMTC,0.709,18,0.9071,249.85,27.33
159,eMBB,0.785,21,0.9801,354.82,3.24
159,URLLC,0.7,9,0.9587,205.1,0.94
159,mMTC,0.494,7,0.9025,132.42,0.17
160,eMBB,0.654,11,0.979,155.27,8.25
160,URLLC,0.783,8,0.998,264.89,5.05
160,mMTC,0.828,9,0.9381,377.63,2.86
161,eMBB,0.301,14,0.9617,88.96,8.1
161,URLLC,0.601,14,0.9455,149.81,4.53
161,mMTC,0.306,10,0.9452,135.91,2.87
162,eMBB,0.229,19,0.9077,81.04,12.69
162,URLLC,0.355,5,0.9684,87.76,6.71
162,mMTC,0.822,24,0.9441,107.62,9.07
163,eMBB,0.455,19,0.9724,132.93,7.14
163,URLLC,0.872,19,0.9618,188.42,7.34
163,mMTC,0.398,15,0.9782,94.25,9.74
164,eMBB,0.554,15,0.9968,171.19,12.48
164,URLLC,0.709,23,0.9466,126.77,2.8
164,mMTC,0.698,7,0.9322,164.26,1.18
165,eMBB,0.706,8,0.966,120.23,1.94
165,URLLC,0.446,13,0.9806,47.07,33.54
165,mMTC,0.542,16,0.9886,187.36,9.79
166,eMBB,0.713,23,0.9556,128.02,5.95
166,URLLC,0.609,6,0.9308,174.81,0.21
166,mMTC,0.577,7,0.986,242.43,7.65
167,eMBB,0.77,14,0.9267,194.28,10.68
167,URLLC,0.857,24,0.9379,356.93,3.47
167,mMTC,0.202,12,0.9201,41.69,8.23
168,eMBB,0.614,18,0.9419,208.56,48.51
168,URLLC,0.746,11,0.9639,360.61,8.17
168,mMTC,0.323,9,0.9527,84.28,0.76
169,eMBB,0.591,21,0.9638,190.51,44.86
169,URLLC,0.708,20,0.9971,305.4,1.94
169,mMTC,0.365,16,0.9717,153.98,7.91
170,eMBB,0.368,23,0.9304,70.6,0.92
170,URLLC,0.345,17,0.9358,52.89,0.88
170,mMTC,0.339,23,0.9322,155.42,5.87
171,eMBB,0.589,17,0.9883,249.07,3.5
171,URLLC,0.802,5,0.9415,216.21,3.35
171,mMTC,0.468,10,0.9144,158.85,15.86
172,eMBB,0.676,10,0.9873,166.19,43.8
172,URLLC,0.574,18,0.951,136.19,0.14
172,mMTC,0.837,7,0.92,196.97,2.51
173,eMBB,0.617,9,0.9913,159.05,12.38
173,URLLC,0.778,6,0.9122,169.52,0.45
173,mMTC,0.228,24,0.995,55.61,2.73
174,eMBB,0.253,12,0.9431,85.78,1.2
174,URLLC,0.647,15,0.911,73.95,3.7
174,mMTC,0.229,19,0.9929,63.59,0.55
175,eMBB,0.441,12,0.9946,61.81,3.99
175,URLLC,0.463,8,0.9487,135.22,15.27
175,mMTC,0.405,21,0.9885,62.86,4.21
176,eMBB,0.746,24,0.9626,231.16,4.83
176,URLLC,0.878,13,0.9281,417.41,7.83
176,mMTC,0.344,6,0.9475,147.97,19.32
177,eMBB,0.459,10,0.9452,102.49,0.7
177,URLLC,0.576,8,0.9935,79.45,3.82
177,mMTC,0.485,13,0.971,189.9,1.32
178,eMBB,0.865,12,0.9504,274.46,8.13
178,URLLC,0.227,7,0.9094,108.15,5.48
178,mMTC,0.366,24,0.9445,181.06,1.86
179,eMBB,0.483,16,0.9807,190.53,3.51
179,URLLC,0.624,17,0.9142,94.21,2.94
179,mMTC,0.743,20,0.9003,330.36,8.13
180,eMBB,0.332,24,0.9543,90.02,4.33
180,URLLC,0.51,13,0.9897,235.69,3.47
180,mMTC,0.303,11,0.9243,56.61,6.74
181,eMBB,0.862,10,0.9065,315.91,3.48
181,URLLC,0.394,9,0.9837,184.69,15.71
181,mMTC,0.528,24,0.904,72.53,17.22
182,eMBB,0.764,24,0.992,299.76,0.82
182,URLLC,0.689,23,0.9197,296.76,27.6
182,mMTC,0.343,19,0.9141,137.49,6.92
183,eMBB,0.533,24,0.9915,170.25,5.29
183,URLLC,0.892,11,0.9525,182.86,4.24
183,mMTC,0.33,20,0.9187,90.16,14.93
184,eMBB,0.636,7,0.9095,283.33,1.14
184,URLLC,0.834,12,0.9317,307.67,0.53
184,mMTC,0.497,10,0.9174,150.01,2.4
185,eMBB,0.382,10,0.9872,143.14,35.1
185,URLLC,0.858,22,0.9931,393.02,6.29
185,mMTC,0.395,22,0.9657,124.1,10.81
186,eMBB,0.832,23,0.9244,232.59,0.56
186,URLLC,0.223,14,0.9511,26.88,20.03
186,mMTC,0.857,14,0.9686,240.96,7.68
187,eMBB,0.749,11,0.946,214.84,5.88
187,URLLC,0.888,19,0.9275,363.37,9.5
187,mMTC,0.343,13,0.9643,88.97,9.02
188,eMBB,0.503,8,0.9877,137.91,7.28
188,URLLC,0.71,10,0.9653,261.6,14.12
188,mMTC,0.484,22,0.9989,209.95,5.8
189,eMBB,0.57,11,0.9109,253.89,18.98
189,URLLC,0.26,10,0.9279,57.48,5.48
189,mMTC,0.523,8,0.9866,99.04,13.9
190,eMBB,0.247,15,0.901,28.13,15.15
190,URLLC,0.769,23,0.9025,198.33,3.54
190,mMTC,0.218,22,0.9972,25.33,9.51
191,eMBB,0.815,10,0.9316,266.57,0.57
191,URLLC,0.796,9,0.9218,181.87,2.9
191,mMTC,0.786,16,0.9625,245.28,4.87
192,eMBB,0.542,9,0.9203,250.92,3.91
192,URLLC,0.695,16,0.9949,212.74,5.57
192,mMTC,0.462,13,0.9032,214.87,4.93
193,eMBB,0.716,24,0.9808,319.84,9.79
193,URLLC,0.605,5,0.9311,189.67,0.74
193,mMTC,0.546,21,0.9037,158.79,0.5
194,eMBB,0.521,22,0.9396,165.1,0.15
194,URLLC,0.529,20,0.9902,236.03,15.67
194,mMTC,0.338,6,0.9624,48.24,6.01
195,eMBB,0.312,12,0.9226,141.68,2.93
195,URLLC,0.824,7,0.9133,178.44,1.27
195,mMTC,0.419,7,0.9926,49.81,11.97
196,eMBB,0.292,17,0.9106,81.14,3.04
196,URLLC,0.441,13,0.9294,171.21,19.38
196,mMTC,0.648,19,0.9861,161.59,22.5
197,eMBB,0.668,18,0.9945,137.11,2.42
197,URLLC,0.577,11,0.9227,145.95,3.86
197,mMTC,0.663,14,0.9667,291.37,47.69
198,eMBB,0.787,6,0.9736,154.82,6.37
198,URLLC,0.85,5,0.9578,232.03,2.61
198,mMTC,0.285,22,0.9819,73.63,0.54
199,eMBB,0.81,24,0.9052,327.99,34.88
199,URLLC,0.56,8,0.9069,223.55,11.34
199,mMTC,0.457,15,0.9127,148.8,16.12
200,eMBB,0.785,7,0.9922,292.88,8.08
200,URLLC,0.41,14,0.9335,146.86,0.91
200,mMTC,0.361,17,0.9454,88.7,2.56
201,eMBB,0.657,16,0.9161,113.23,6.99
201,URLLC,0.546,20,0.9207,178.46,1.87
201,mMTC,0.232,22,0.9257,44.74,0.54
202,eMBB,0.872,10,0.9892,336.06,3.82
202,URLLC,0.413,20,0.994,78.53,2.33
202,mMTC,0.485,8,0.9919,126.47,19.68
203,eMBB,0.748,14,0.99,282.69,10.93
203,URLLC,0.665,23,0.9384,126.13,27.73
203,mMTC,0.294,5,0.9409,122.68,9.14
204,eMBB,0.684,15,0.935,247.82,2.89
204,URLLC,0.369,15,0.9414,115.93,17.11
204,mMTC,0.863,17,0.9208,161.77,1.64
205,eMBB,0.739,9,0.9414,254.3,3.81
205,URLLC,0.833,22,0.9829,396.77,4.21
205,mMTC,0.432,15,0.9159,113.51,6.79
206,eMBB,0.407,14,0.9279,191.48,3.08
206,URLLC,0.227,7,0.9132,51.89,5.68
206,mMTC,0.217,23,0.9474,40.38,10.87
207,eMBB,0.271,23,0.9358,75.46,17.32
207,URLLC,0.833,12,0.9761,357.52,3.21
207,mMTC,0.803,21,0.9897,243.9,2.07
208,eMBB,0.331,12,0.9541,130.11,9.18
208,URLLC,0.513,23,0.9553,147.78,3.66
208,mMTC,0.839,24,0.9368,395.46,0.17
209,eMBB,0.424,20,0.9188,203.75,11.03
209,URLLC,0.873,11,0.9552,308.57,3.05
209,mMTC,0.206,9,0.961,96.29,3.84
210,eMBB,0.205,9,0.9336,70.74,0.4
210,URLLC,0.351,19,0.986,44.43,17.93
210,mMTC,0.819,18,0.9084,366.07,11.17
211,eMBB,0.368,12,0.9924,57.6,1.62
211,URLLC,0.489,9,0.9956,146.96,8.92
211,mMTC,0.705,5,0.9914,132.06,9.72
212,eMBB,0.73,17,0.9004,266.86,1.39
212,URLLC,0.35,14,0.9348,54.99,7.36
212,mMTC,0.256,12,0.9947,112.14,18.0
213,eMBB,0.763,18,0.9439,250.72,8.51
213,URLLC,0.81,15,0.9665,205.62,3.29
213,mMTC,0.463,16,0.9719,191.73,5.06
214,eMBB,0.393,7,0.9118,92.84,12.86
214,URLLC,0.236,9,0.9922,45.02,0.52
214,mMTC,0.355,8,0.9847,176.26,13.73
215,eMBB,0.471,19,0.9564,121.32,0.06
215,URLLC,0.62,13,0.9483,267.77,6.88
215,mMTC,0.734,24,0.9807,365.3,14.78
216,eMBB,0.736,15,0.9324,242.32,4.72
216,URLLC,0.426,23,0.9346,46.51,4.82
216,mMTC,0.583,11,0.9204,161.47,11.74
217,eMBB,0.205,22,0.9141,42.17,1.92
217,URLLC,0.384,9,0.9108,60.33,3.96
217,mMTC,0.506,14,0.9644,169.74,12.87
218,eMBB,0.308,12,0.951,126.41,1.38
218,URLLC,0.341,24,0.9557,159.11,1.51
218,mMTC,0.206,23,0.9789,102.27,0.51
219,eMBB,0.484,23,0.9708,208.06,25.87
219,URLLC,0.499,19,0.9561,95.03,2.1
219,mMTC,0.377,23,0.9865,103.54,14.56
220,eMBB,0.744,5,0.9066,327.52,1.7
220,URLLC,0.543,8,0.9004,61.26,11.06
220,mMTC,0.368,12,0.9235,181.13,1.62
221,eMBB,0.585,23,0.9394,114.67,3.58
221,URLLC,0.792,6,0.9785,133.47,6.48
221,mMTC,0.231,7,0.9399,115.01,0.24
222,eMBB,0.657,11,0.9158,267.43,11.91
222,URLLC,0.283,18,0.9536,77.8,3.78
222,mMTC,0.62,10,0.9009,277.33,9.85
223,eMBB,0.488,14,0.9469,131.3,0.44
223,URLLC,0.686,20,0.9131,96.5,6.15
223,mMTC,0.579,22,0.9863,148.57,13.24
224,eMBB,0.498,6,0.9705,75.99,15.05
224,URLLC,0.634,19,0.9203,87.4,1.68
224,mMTC,0.605,7,0.9868,229.18,15.02
225,eMBB,0.654,10,0.9813,282.32,8.6
225,URLLC,0.235,24,0.9762,62.28,3.75
225,mMTC,0.435,9,0.968,122.69,2.44
226,eMBB,0.462,11,0.9715,154.05,0.04
226,URLLC,0.4,16,0.9108,117.38,8.72
226,mMTC,0.891,22,0.9128,288.84,0.82
227,eMBB,0.685,7,0.9677,95.83,27.86
227,URLLC,0.718,9,0.9581,168.29,21.51
227,mMTC,0.696,9,0.9718,265.84,7.62
228,eMBB,0.296,7,0.9744,115.82,4.64
228,URLLC,0.775,19,0.9008,217.82,6.83
228,mMTC,0.28,15,0.9562,32.05,4.92
229,eMBB,0.201,17,0.9524,70.15,5.8
229,URLLC,0.503,18,0.9176,207.39,0.95
229,mMTC,0.293,6,0.9097,81.49,3.73
230,eMBB,0.639,11,0.992,73.33,7.64
230,URLLC,0.224,22,0.984,43.85,8.64
230,mMTC,0.778,20,0.9022,156.77,6.49
231,eMBB,0.586,24,0.9418,110.97,1.58
231,URLLC,0.652,13,0.9071,279.01,4.38
231,mMTC,0.402,22,0.9132,131.03,12.9
232,eMBB,0.333,20,0.9393,70.07,17.53
232,URLLC,0.771,6,0.9516,217.57,2.24
232,mMTC,0.792,21,0.9668,329.69,0.72
233,eMBB,0.302,21,0.9079,133.47,0.87
233,URLLC,0.663,21,0.9576,125.21,8.47
233,mMTC,0.309,10,0.9782,44.66,7.99
234,eMBB,0.307,12,0.9033,57.04,2.8
234,URLLC,0.307,9,0.9637,41.74,5.96
234,mMTC,0.375,5,0.9099,97.67,1.63
235,eMBB,0.661,14,0.9215,95.65,7.79
235,URLLC,0.822,7,0.9483,254.21,6.15
235,mMTC,0.885,23,0.9692,266.69,0.77
236,eMBB,0.837,10,0.9706,267.16,18.52
236,URLLC,0.32,10,0.9793,128.02,10.5
236,mMTC,0.794,13,0.9483,310.43,3.79
237,eMBB,0.323,7,0.9291,154.79,1.96
237,URLLC,0.773,20,0.9485,299.17,7.71
237,mMTC,0.304,24,0.915,61.21,16.67
238,eMBB,0.271,11,0.9317,38.07,0.49
238,URLLC,0.235,7,0.9943,42.09,7.76
238,mMTC,0.591,11,0.9782,272.2,2.4
239,eMBB,0.217,22,0.9826,75.33,0.46
239,URLLC,0.712,22,0.9032,100.48,4.59
239,mMTC,0.357,14,0.9297,59.88,11.49
240,eMBB,0.717,22,0.9293,344.9,0.51
240,URLLC,0.434,10,0.9007,78.36,9.25
240,mMTC,0.589,9,0.9836,257.21,18.49
241,eMBB,0.772,15,0.9465,180.04,2.68
241,URLLC,0.27,22,0.9826,62.19,0.95
241,mMTC,0.459,5,0.9584,226.98,0.36
242,eMBB,0.387,5,0.9381,117.13,1.75
242,URLLC,0.312,17,0.9049,129.4,29.2
242,mMTC,0.403,24,0.9691,162.29,0.69
243,eMBB,0.518,16,0.9145,242.64,11.38
243,URLLC,0.444,8,0.9443,121.96,14.74
243,mMTC,0.427,18,0.9624,109.32,4.96
244,eMBB,0.367,7,0.9395,140.7,9.71
244,URLLC,0.28,21,0.997,51.17,9.79
244,mMTC,0.331,24,0.9369,158.64,18.26
245,eMBB,0.286,14,0.9439,113.05,11.06
245,URLLC,0.873,15,0.9348,88.82,2.88
245,mMTC,0.596,20,0.9716,106.98,20.03
246,eMBB,0.48,24,0.9968,181.09,6.87
246,URLLC,0.29,12,0.9524,39.49,8.95
246,mMTC,0.696,10,0.9576,252.8,0.83
247,eMBB,0.281,5,0.9595,52.88,24.43
247,URLLC,0.546,10,0.9302,263.32,1.86
247,mMTC,0.785,5,0.9632,317.35,14.31
248,eMBB,0.485,17,0.9928,153.76,0.36
248,URLLC,0.224,14,0.9629,76.68,0.18
248,mMTC,0.716,24,0.9872,135.5,0.26
249,eMBB,0.402,7,0.9321,129.63,15.18
249,URLLC,0.428,23,0.9313,69.4,3.35
249,mMTC,0.583,17,0.9489,141.6,0.18
250,eMBB,0.442,17,0.9606,66.83,15.63
250,URLLC,0.551,8,0.9838,159.61,2.67
250,mMTC,0.442,15,0.9582,111.93,7.5
251,eMBB,0.846,9,0.9233,224.0,9.65
251,URLLC,0.555,15,0.9879,189.93,3.04
251,mMTC,0.558,14,0.9883,153.06,20.83
252,eMBB,0.566,5,0.9815,82.03,5.8
252,URLLC,0.335,17,0.9214,145.79,3.78
252,mMTC,0.763,21,0.941,106.44,8.18
253,eMBB,0.562,20,0.9629,71.64,6.73
253,URLLC,0.893,7,0.9099,150.67,9.53
253,mMTC,0.286,10,0.9452,48.4,3.57
254,eMBB,0.365,22,0.9982,99.38,4.5
254,URLLC,0.23,22,0.9017,83.9,12.39
254,mMTC,0.76,17,0.9448,158.53,17.39
255,eMBB,0.316,12,0.9736,62.69,8.98
255,URLLC,0.305,5,0.9261,118.3,1.2
255,mMTC,0.622,22,0.9062,146.67,22.99
256,eMBB,0.486,9,0.9391,86.54,4.84
256,URLLC,0.654,6,0.9218,108.04,16.66
256,mMTC,0.322,24,0.9618,90.71,24.32
257,eMBB,0.879,9,0.9682,402.52,0.01
257,URLLC,0.323,5,0.9298,55.7,21.02
257,mMTC,0.249,14,0.98,44.74,0.67
258,eMBB,0.565,19,0.9926,228.85,10.74
258,URLLC,0.515,14,0.9081,145.46,6.3
258,mMTC,0.576,7,0.9823,249.56,1.68
259,eMBB,0.288,10,0.9405,107.2,7.56
259,URLLC,0.881,18,0.9759,390.82,0.71
259,mMTC,0.705,18,0.9716,195.3,7.05
260,eMBB,0.898,21,0.9041,183.75,2.44
260,URLLC,0.712,8,0.9298,193.37,4.54
260,mMTC,0.569,13,0.9431,237.23,7.75
261,eMBB,0.861,22,0.9557,174.84,3.3
261,URLLC,0.545,17,0.9077,244.44,0.06
261,mMTC,0.424,16,0.9321,198.9,1.11
262,eMBB,0.807,13,0.9963,217.42,25.63
262,URLLC,0.534,8,0.9632,179.25,10.29
262,mMTC,0.417,15,0.9663,179.79,5.82
263,eMBB,0.564,5,0.9319,135.22,4.06
263,URLLC,0.817,5,0.9301,287.07,9.26
263,mMTC,0.852,23,0.9095,318.21,11.77
264,eMBB,0.429,24,0.9048,58.57,4.33
264,URLLC,0.739,13,0.9715,295.27,1.14
264,mMTC,0.864,20,0.9737,374.46,14.47
265,eMBB,0.849,20,0.9511,212.15,7.02
265,URLLC,0.356,10,0.9069,83.82,22.9
265,mMTC,0.726,19,0.9812,99.87,11.6
266,eMBB,0.709,17,0.9954,342.83,5.32
266,URLLC,0.821,17,0.9681,385.96,1.52
266,mMTC,0.336,10,0.9361,130.98,8.68
267,eMBB,0.854,24,0.9981,326.95,12.61
267,URLLC,0.777,18,0.909,266.7,3.25
267,mMTC,0.612,12,0.9182,166.11,21.95
268,eMBB,0.217,16,0.9602,47.52,1.97
268,URLLC,0.234,5,0.9516,89.7,0.98
268,mMTC,0.801,21,0.9537,237.72,10.58
269,eMBB,0.56,12,0.9552,270.04,4.83
269,URLLC,0.781,12,0.9093,168.15,5.08
269,mMTC,0.721,20,0.9224,309.25,6.58
270,eMBB,0.464,16,0.9118,156.14,2.26
270,URLLC,0.59,17,0.9521,269.54,10.34
270,mMTC,0.522,24,0.9791,240.75,9.17
271,eMBB,0.532,13,0.9906,215.71,12.57
271,URLLC,0.402,14,0.944,124.71,0.09
271,mMTC,0.432,19,0.9546,160.83,6.79
272,eMBB,0.222,9,0.9022,35.07,24.81
272,URLLC,0.504,6,0.9432,57.77,1.17
272,mMTC,0.434,18,0.9864,84.83,0.3
273,eMBB,0.431,13,0.9671,161.52,12.23
273,URLLC,0.818,5,0.9344,355.5,1.52
273,mMTC,0.805,24,0.9798,306.66,5.45
274,eMBB,0.42,13,0.9506,70.64,26.88
274,URLLC,0.234,12,0.9609,83.0,5.8
274,mMTC,0.686,14,0.9931,115.04,9.85
275,eMBB,0.238,18,0.9284,114.06,0.84
275,URLLC,0.457,6,0.9265,77.48,8.2
275,mMTC,0.629,20,0.9719,149.5,9.34
276,eMBB,0.745,18,0.9247,84.33,3.17
276,URLLC,0.206,12,0.9048,79.0,2.7
276,mMTC,0.515,11,0.9564,215.03,9.09
277,eMBB,0.898,12,0.9859,180.72,11.73
277,URLLC,0.484,19,0.9598,150.73,5.0
277,mMTC,0.277,13,0.9063,62.41,41.46
278,eMBB,0.73,9,0.9778,153.74,2.7
278,URLLC,0.802,18,0.9674,323.04,28.63
278,mMTC,0.495,23,0.9427,183.83,32.42
279,eMBB,0.629,22,0.9366,200.64,4.9
279,URLLC,0.678,12,0.9778,149.77,1.9
279,mMTC,0.895,21,0.9212,205.6,7.63
280,eMBB,0.727,12,0.9809,133.44,0.32
280,URLLC,0.449,6,0.9706,139.93,6.91
280,mMTC,0.309,17,0.9925,94.74,1.65
281,eMBB,0.231,6,0.9813,82.52,2.72
281,URLLC,0.789,6,0.9091,104.57,7.45
281,mMTC,0.614,6,0.9092,268.55,0.72
282,eMBB,0.784,13,0.9852,164.39,9.24
282,URLLC,0.453,18,0.9979,134.94,1.38
282,mMTC,0.739,20,0.9788,295.62,5.09
283,eMBB,0.768,8,0.9225,286.72,7.12
283,URLLC,0.423,19,0.9701,141.34,0.21
283,mMTC,0.695,12,0.9837,266.14,4.79
284,eMBB,0.562,6,0.9536,130.54,3.39
284,URLLC,0.616,14,0.9931,156.35,11.92
284,mMTC,0.209,22,0.9143,78.35,13.02
285,eMBB,0.873,16,0.9298,212.29,23.92
285,URLLC,0.566,8,0.9642,225.88,40.37
285,mMTC,0.598,18,0.9717,240.83,1.89
286,eMBB,0.587,17,0.972,290.2,3.48
286,URLLC,0.717,12,0.9078,327.01,2.7
286,mMTC,0.273,20,0.9818,45.67,1.91
287,eMBB,0.739,15,0.943,205.71,1.63
287,URLLC,0.617,9,0.9188,83.91,22.16
287,mMTC,0.867,10,0.9415,383.17,5.84
288,eMBB,0.637,11,0.9331,261.54,2.11
288,URLLC,0.391,15,0.9476,71.34,0.5
288,mMTC,0.352,12,0.963,114.89,17.61
289,eMBB,0.718,5,0.923,170.86,20.42
289,URLLC,0.704,8,0.9772,268.97,9.89
289,mMTC,0.271,6,0.9177,81.36,5.26
290,eMBB,0.245,12,0.9587,32.34,6.41
290,URLLC,0.319,9,0.952,49.72,22.57
290,mMTC,0.265,12,0.9081,117.72,6.38
291,eMBB,0.357,5,0.9389,114.4,13.54
291,URLLC,0.246,21,0.9528,90.42,11.63
291,mMTC,0.592,17,0.9679,127.74,3.16
292,eMBB,0.553,6,0.9746,236.91,5.98
292,URLLC,0.894,11,0.9015,199.53,3.03
292,mMTC,0.393,15,0.998,76.08,4.3
293,eMBB,0.528,12,0.9507,209.06,5.1
293,URLLC,0.352,17,0.9527,98.12,1.42
293,mMTC,0.216,9,0.925,98.24,21.42
294,eMBB,0.348,11,0.9663,140.78,0.66
294,URLLC,0.89,16,0.9119,266.79,7.18
294,mMTC,0.561,8,0.968,120.86,3.08
295,eMBB,0.69,24,0.9869,331.31,28.88
295,URLLC,0.859,24,0.929,171.52,37.56
295,mMTC,0.418,24,0.9852,64.26,20.25
296,eMBB,0.349,14,0.9622,92.84,2.6
296,URLLC,0.611,24,0.9838,152.94,7.1
296,mMTC,0.72,17,0.9082,247.73,6.42
297,eMBB,0.301,22,0.9634,49.55,0.3
297,URLLC,0.87,9,0.9813,275.58,1.8
297,mMTC,0.492,14,0.9338,226.6,5.98
298,eMBB,0.344,11,0.9811,139.97,7.62
298,URLLC,0.779,20,0.9235,176.16,1.28
298,mMTC,0.521,17,0.994,84.15,6.97
299,eMBB,0.816,19,0.9361,366.6,0.59
299,URLLC,0.765,13,0.9569,319.56,3.71
299,mMTC,0.642,23,0.9713,142.98,5.63
300,eMBB,0.87,18,0.9115,141.04,4.3
300,URLLC,0.512,23,0.9112,223.72,2.61
300,mMTC,0.673,23,0.9572,84.2,12.03
301,eMBB,0.833,20,0.9686,168.51,0.07
301,URLLC,0.869,7,0.9018,255.46,3.71
301,mMTC,0.382,21,0.9209,82.03,0.55
302,eMBB,0.251,10,0.9808,78.89,7.82
302,URLLC,0.489,16,0.9187,126.86,24.76
302,mMTC,0.778,24,0.9305,350.43,25.78
303,eMBB,0.421,8,0.9766,80.64,8.1
303,URLLC,0.365,24,0.9044,110.99,20.46
303,mMTC,0.891,17,0.9501,284.78,23.55
304,eMBB,0.336,16,0.962,125.03,16.13
304,URLLC,0.38,16,0.9193,138.38,7.87
304,mMTC,0.658,14,0.9904,171.38,5.66
305,eMBB,0.536,14,0.9461,260.9,1.79
305,URLLC,0.575,19,0.9458,201.49,3.47
305,mMTC,0.575,24,0.994,67.73,5.71
306,eMBB,0.428,19,0.9932,209.32,0.58
306,URLLC,0.686,6,0.9928,107.53,1.21
306,mMTC,0.396,8,0.9143,91.41,2.88
307,eMBB,0.369,18,0.9598,89.31,5.2
307,URLLC,0.272,15,0.9947,86.46,7.07
307,mMTC,0.811,23,0.9017,117.07,15.08
308,eMBB,0.745,16,0.908,157.35,1.96
308,URLLC,0.505,21,0.9882,106.63,11.68
308,mMTC,0.666,20,0.9784,84.73,44.39
309,eMBB,0.825,12,0.9573,393.88,5.77
309,URLLC,0.67,12,0.9812,77.08,5.07
309,mMTC,0.329,12,0.9472,135.3,17.94
310,eMBB,0.249,21,0.9568,123.59,1.59
310,URLLC,0.229,9,0.9565,87.88,3.97
310,mMTC,0.646,6,0.9558,214.67,13.68
311,eMBB,0.829,17,0.975,414.22,1.7
311,URLLC,0.322,18,0.9318,130.35,0.95
311,mMTC,0.63,13,0.9541,279.11,2.0
312,eMBB,0.555,7,0.955,76.46,2.33
312,URLLC,0.759,9,0.9302,144.52,1.6
312,mMTC,0.598,20,0.9164,251.69,1.37
313,eMBB,0.365,22,0.9844,140.26,12.49
313,URLLC,0.87,23,0.9385,385.39,10.64
313,mMTC,0.895,12,0.9471,325.76,0.02
314,eMBB,0.343,16,0.9954,167.69,24.14
314,URLLC,0.499,6,0.9331,50.57,2.6
314,mMTC,0.6,5,0.934,72.72,12.12
315,eMBB,0.345,8,0.9822,94.84,1.32
315,URLLC,0.489,8,0.949,137.55,10.12
315,mMTC,0.796,6,0.9647,199.39,9.42
316,eMBB,0.686,9,0.943,322.78,4.08
316,URLLC,0.441,14,0.902,100.49,11.89
316,mMTC,0.556,16,0.9791,179.77,1.92
317,eMBB,0.561,19,0.9902,56.94,2.66
317,URLLC,0.848,24,0.9045,409.27,4.19
317,mMTC,0.211,16,0.9563,85.72,4.45
318,eMBB,0.854,17,0.9185,387.78,18.27
318,URLLC,0.812,7,0.9663,318.81,1.18
318,mMTC,0.254,21,0.9292,100.45,0.74
319,eMBB,0.695,18,0.9486,265.34,12.49
319,URLLC,0.736,12,0.9378,323.45,8.47
319,mMTC,0.706,17,0.9774,112.24,8.79
320,eMBB,0.808,20,0.9357,184.14,8.17
320,URLLC,0.704,15,0.9814,279.5,0.37
320,mMTC,0.736,17,0.9826,276.99,5.41
321,eMBB,0.208,11,0.9574,49.73,7.06
321,URLLC,0.53,5,0.9952,111.23,2.75
321,mMTC,0.348,5,0.9372,48.97,9.13
322,eMBB,0.664,5,0.9548,78.03,1.21
322,URLLC,0.807,6,0.9462,104.12,11.62
322,mMTC,0.655,5,0.9148,70.23,24.33
323,eMBB,0.816,10,0.9407,241.45,1.09
323,URLLC,0.882,24,0.9438,302.29,0.52
323,mMTC,0.801,8,0.9272,152.1,9.22
324,eMBB,0.607,14,0.9603,79.56,5.96
324,URLLC,0.469,11,0.9642,84.89,8.03
324,mMTC,0.62,16,0.9226,110.65,7.74
325,eMBB,0.705,12,0.9942,242.99,3.34
325,URLLC,0.403,19,0.9585,83.6,10.56
325,mMTC,0.519,16,0.9752,139.3,3.91
326,eMBB,0.542,22,0.965,216.57,3.83
326,URLLC,0.677,5,0.9254,252.25,23.87
326,mMTC,0.793,10,0.9114,218.72,25.37
327,eMBB,0.894,22,0.9795,280.15,4.11
327,URLLC,0.476,24,0.9261,225.74,5.25
327,mMTC,0.87,9,0.9572,98.92,3.64
328,eMBB,0.462,11,0.9256,127.99,0.07
328,URLLC,0.501,17,0.9885,245.08,2.76
328,mMTC,0.215,18,0.9422,101.75,6.69
329,eMBB,0.832,18,0.9847,110.27,15.15
329,URLLC,0.897,19,0.9897,231.7,16.83
329,mMTC,0.298,9,0.9023,134.96,13.06
330,eMBB,0.769,16,0.98,375.8,4.12
330,URLLC,0.851,8,0.9696,302.95,0.69
330,mMTC,0.482,22,0.9763,145.32,0.96
331,eMBB,0.766,9,0.9395,312.57,3.1
331,URLLC,0.857,17,0.9413,330.51,4.98
331,mMTC,0.693,17,0.9927,70.07,28.13
332,eMBB,0.283,7,0.9714,85.23,2.58
332,URLLC,0.51,19,0.9299,133.86,1.0
332,mMTC,0.547,6,0.9121,81.51,7.23
333,eMBB,0.507,14,0.9386,237.2,10.66
333,URLLC,0.425,20,0.9469,93.44,27.36
333,mMTC,0.226,22,0.943,96.27,9.64
334,eMBB,0.786,22,0.9403,368.08,0.28
334,URLLC,0.378,20,0.9654,172.04,6.29
334,mMTC,0.363,14,0.9569,64.58,31.04
335,eMBB,0.244,16,0.9197,46.14,4.67
335,URLLC,0.32,22,0.9741,96.91,14.27
335,mMTC,0.897,10,0.929,135.05,3.81
336,eMBB,0.535,17,0.9821,88.84,3.49
336,URLLC,0.201,11,0.9806,94.63,17.25
336,mMTC,0.243,9,0.9943,27.41,1.66
337,eMBB,0.494,23,0.9542,146.22,1.65
337,URLLC,0.712,8,0.9895,120.62,3.82
337,mMTC,0.73,7,0.9337,362.79,3.15
338,eMBB,0.261,12,0.9092,108.59,1.73
338,URLLC,0.783,21,0.9563,122.16,0.78
338,mMTC,0.228,21,0.9558,86.24,7.59
339,eMBB,0.604,22,0.9889,259.24,36.99
339,URLLC,0.433,14,0.9896,87.38,5.15
339,mMTC,0.738,8,0.9176,234.2,31.12
340,eMBB,0.652,9,0.9817,256.23,4.77
340,URLLC,0.549,18,0.9193,170.2,19.33
340,mMTC,0.628,16,0.9333,78.71,10.79
341,eMBB,0.831,6,0.9339,292.45,0.69
341,URLLC,0.732,5,0.9679,340.54,3.08
341,mMTC,0.355,24,0.9397,156.52,9.36
342,eMBB,0.328,21,0.9264,41.11,0.63
342,URLLC,0.742,8,0.9371,357.5,1.58
342,mMTC,0.225,17,0.9002,86.14,5.45
343,eMBB,0.683,10,0.9184,80.7,26.75
343,URLLC,0.894,6,0.938,131.49,2.51
343,mMTC,0.376,11,0.9392,104.3,2.94
344,eMBB,0.865,5,0.912,114.72,3.75
344,URLLC,0.605,13,0.9206,110.54,7.04
344,mMTC,0.577,8,0.9577,182.61,1.92
345,eMBB,0.728,5,0.9659,299.6,12.68
345,URLLC,0.792,7,0.9426,198.22,12.6
345,mMTC,0.81,16,0.9177,142.44,4.27
346,eMBB,0.652,20,0.9948,287.98,1.96
346,URLLC,0.356,10,0.9636,117.88,17.12
346,mMTC,0.474,17,0.9927,97.34,0.23
347,eMBB,0.372,10,0.9192,107.62,2.84
347,URLLC,0.606,24,0.953,235.46,1.32
347,mMTC,0.283,13,0.9441,65.21,1.12
348,eMBB,0.783,13,0.9889,131.18,1.07
348,URLLC,0.232,5,0.9858,51.56,1.53
348,mMTC,0.472,15,0.9793,76.6,4.2
349,eMBB,0.706,21,0.981,298.97,7.26
349,URLLC,0.301,12,0.9566,115.47,3.96
349,mMTC,0.456,10,0.9289,149.84,0.06
350,eMBB,0.421,9,0.9165,185.93,19.97
350,URLLC,0.632,23,0.9672,141.44,10.29
350,mMTC,0.866,14,0.9666,323.95,18.88
351,eMBB,0.797,7,0.9615,348.42,14.16
351,URLLC,0.404,17,0.9921,137.76,1.01
351,mMTC,0.211,10,0.9221,84.88,4.03
352,eMBB,0.841,17,0.9237,301.12,0.89
352,URLLC,0.279,23,0.9948,113.42,7.91
352,mMTC,0.562,18,0.9889,111.93,0.89
353,eMBB,0.843,15,0.9237,326.56,9.1
353,URLLC,0.303,19,0.987,33.61,8.34
353,mMTC,0.275,6,0.9014,35.97,9.97
354,eMBB,0.683,24,0.9234,221.86,3.6
354,URLLC,0.485,22,0.9153,192.26,3.02
354,mMTC,0.839,22,0.9706,181.13,0.87
355,eMBB,0.677,17,0.9554,116.81,12.3
355,URLLC,0.897,24,0.9887,267.06,56.66
355,mMTC,0.691,10,0.9907,290.85,1.76
356,eMBB,0.684,5,0.9076,165.49,1.33
356,URLLC,0.738,9,0.9393,258.42,0.86
356,mMTC,0.246,10,0.9331,33.81,3.56
357,eMBB,0.356,7,0.9354,65.65,4.79
357,URLLC,0.583,17,0.9411,277.72,0.56
357,mMTC,0.896,23,0.9353,155.74,20.63
358,eMBB,0.281,22,0.9473,115.66,19.43
358,URLLC,0.481,20,0.9389,61.18,33.48
358,mMTC,0.8,19,0.9292,271.36,2.13
359,eMBB,0.897,12,0.9455,327.01,1.8
359,URLLC,0.27,6,0.9793,110.71,14.51
359,mMTC,0.518,24,0.9002,214.17,10.82
360,eMBB,0.384,23,0.9307,86.1,8.05
360,URLLC,0.585,23,0.91,224.82,2.07
360,mMTC,0.735,8,0.9171,349.78,5.78
361,eMBB,0.547,14,0.9543,117.85,11.69
361,URLLC,0.328,20,0.9607,152.76,1.46
361,mMTC,0.507,15,0.9582,127.2,13.21
362,eMBB,0.311,7,0.9027,78.25,1.28
362,URLLC,0.514,5,0.9783,165.75,0.94
362,mMTC,0.495,10,0.9945,77.41,2.06
363,eMBB,0.514,15,0.9817,233.58,12.67
363,URLLC,0.25,15,0.9087,42.84,1.1
363,mMTC,0.718,7,0.9906,172.11,5.18
364,eMBB,0.79,13,0.9236,352.64,17.29
364,URLLC,0.508,11,0.9075,244.03,4.18
364,mMTC,0.434,12,0.9416,88.93,15.5
365,eMBB,0.56,10,0.9197,177.32,18.93
365,URLLC,0.723,24,0.961,195.53,13.47
365,mMTC,0.329,12,0.9811,124.22,13.84
366,eMBB,0.861,22,0.9811,421.96,1.36
366,URLLC,0.227,14,0.9053,85.11,0.57
366,mMTC,0.543,10,0.9459,94.91,13.08
367,eMBB,0.426,19,0.9463,130.06,5.84
367,URLLC,0.676,9,0.911,169.32,22.94
367,mMTC,0.578,14,0.9969,101.03,24.84
368,eMBB,0.409,24,0.9453,115.76,22.69
368,URLLC,0.783,6,0.997,155.4,4.01
368,mMTC,0.827,10,0.9951,263.9,2.16
369,eMBB,0.497,15,0.9404,240.33,4.71
369,URLLC,0.338,10,0.997,139.63,8.01
369,mMTC,0.265,12,0.9708,68.28,8.06
370,eMBB,0.222,8,0.9796,47.11,5.77
370,URLLC,0.497,11,0.9851,133.29,3.2
370,mMTC,0.861,20,0.9675,144.34,1.64
371,eMBB,0.746,8,0.9288,128.02,6.33
371,URLLC,0.352,22,0.9017,86.02,10.82
371,mMTC,0.313,13,0.967,142.53,11.54
372,eMBB,0.208,15,0.9307,101.39,0.77
372,URLLC,0.214,17,0.9379,72.64,16.67
372,mMTC,0.828,13,0.973,297.57,10.46
373,eMBB,0.212,16,0.9755,46.29,9.74
373,URLLC,0.512,9,0.9427,107.91,2.91
373,mMTC,0.243,13,0.9427,92.57,8.64
374,eMBB,0.509,20,0.9515,127.41,4.26
374,URLLC,0.524,9,0.981,242.42,13.76
374,mMTC,0.778,13,0.9736,267.39,0.96
375,eMBB,0.217,21,0.9103,37.27,1.08
375,URLLC,0.669,7,0.9425,136.41,12.39
375,mMTC,0.479,14,0.9053,55.35,3.4
376,eMBB,0.258,14,0.9036,96.94,0.56
376,URLLC,0.508,5,0.9418,89.46,16.19
376,mMTC,0.757,14,0.9127,130.9,2.41
377,eMBB,0.501,19,0.916,92.26,0.54
377,URLLC,0.523,22,0.976,210.22,14.1
377,mMTC,0.522,17,0.9599,106.06,8.39
378,eMBB,0.44,21,0.9479,164.89,23.87
378,URLLC,0.667,24,0.9686,128.43,0.7
378,mMTC,0.831,6,0.9291,259.26,1.88
379,eMBB,0.573,13,0.9277,78.12,11.98
379,URLLC,0.208,9,0.9078,75.92,0.96
379,mMTC,0.721,10,0.9261,138.54,6.64
380,eMBB,0.624,16,0.9031,252.26,5.84
380,URLLC,0.48,17,0.9019,57.41,8.12
380,mMTC,0.485,14,0.9394,146.97,1.76
381,eMBB,0.501,21,0.9995,65.85,10.12
381,URLLC,0.562,24,0.9998,195.55,0.27
381,mMTC,0.51,24,0.9071,201.28,2.19
382,eMBB,0.449,14,0.9379,53.82,18.78
382,URLLC,0.804,7,0.9983,98.32,4.88
382,mMTC,0.849,10,0.9688,196.35,4.91
383,eMBB,0.233,23,0.9679,62.55,11.71
383,URLLC,0.399,7,0.9455,187.9,4.34
383,mMTC,0.321,5,0.9289,144.09,13.05
384,eMBB,0.306,20,0.965,148.24,21.08
384,URLLC,0.881,6,0.9806,111.43,16.21
384,mMTC,0.397,7,0.9454,122.15,6.07
385,eMBB,0.71,8,0.9537,280.94,12.53
385,URLLC,0.607,11,0.9384,263.46,0.19
385,mMTC,0.616,17,0.9854,179.6,6.33
386,eMBB,0.84,8,0.9845,333.72,0.58
386,URLLC,0.438,20,0.9366,165.39,1.54
386,mMTC,0.732,10,0.9875,92.75,20.54
387,eMBB,0.293,13,0.9548,67.19,23.21
387,URLLC,0.319,20,0.9499,57.15,14.2
387,mMTC,0.499,24,0.9228,190.18,34.97
388,eMBB,0.377,19,0.9655,122.09,3.87
388,URLLC,0.815,23,0.9896,93.24,9.59
388,mMTC,0.556,7,0.9606,221.28,4.09
389,eMBB,0.539,12,0.9624,195.65,1.17
389,URLLC,0.288,8,0.9717,82.18,3.22
389,mMTC,0.688,20,0.9192,266.17,0.25
390,eMBB,0.367,20,0.9764,116.94,2.35
390,URLLC,0.592,12,0.9501,253.11,1.01
390,mMTC,0.614,24,0.9528,199.9,7.82
391,eMBB,0.748,13,0.9414,359.47,5.27
391,URLLC,0.571,11,0.9049,223.16,10.1
391,mMTC,0.641,14,0.9219,136.98,11.44
392,eMBB,0.7,6,0.9904,78.16,3.76
392,URLLC,0.889,16,0.9377,150.13,1.26
392,mMTC,0.317,8,0.9214,65.9,10.91
393,eMBB,0.307,6,0.9584,70.27,5.4
393,URLLC,0.473,16,0.9458,195.06,14.32
393,mMTC,0.31,16,0.9277,84.29,0.12
394,eMBB,0.611,20,0.9349,211.07,1.46
394,URLLC,0.673,15,0.9292,284.57,1.4
394,mMTC,0.608,12,0.9198,95.52,0.51
395,eMBB,0.67,10,0.9302,333.38,1.23
395,URLLC,0.673,7,0.9758,181.96,2.01
395,mMTC,0.757,13,0.9751,173.0,3.02
396,eMBB,0.589,18,0.9466,234.35,1.23
396,URLLC,0.345,21,0.979,80.64,0.81
396,mMTC,0.625,17,0.962,73.37,18.18
397,eMBB,0.871,5,0.9465,342.99,5.63
397,URLLC,0.369,17,0.9939,176.82,22.18
397,mMTC,0.659,9,0.9421,263.0,7.49
398,eMBB,0.802,22,0.9126,211.5,3.76
398,URLLC,0.41,14,0.9611,93.33,9.68
398,mMTC,0.531,12,0.9055,220.6,1.89
399,eMBB,0.218,10,0.9714,80.35,17.38
399,URLLC,0.272,18,0.9709,113.86,3.22
399,mMTC,0.737,5,0.9322,200.03,3.37
400,eMBB,0.767,12,0.9065,360.26,16.09
400,URLLC,0.499,21,0.9487,137.53,7.07
400,mMTC,0.888,7,0.9261,134.05,24.47
401,eMBB,0.824,12,0.9475,220.73,2.86
401,URLLC,0.344,15,0.9728,76.67,5.75
401,mMTC,0.587,16,0.9568,285.45,6.62
402,eMBB,0.689,12,0.9364,295.38,10.15
402,URLLC,0.613,14,0.9577,295.37,4.35
402,mMTC,0.533,16,0.9487,166.2,14.32
403,eMBB,0.256,18,0.9405,91.6,0.79
403,URLLC,0.577,20,0.9796,244.1,15.82
403,mMTC,0.89,10,0.9745,397.35,3.3
404,eMBB,0.432,10,0.9679,117.65,6.67
404,URLLC,0.275,9,0.9703,32.4,7.35
404,mMTC,0.274,14,0.9333,109.25,3.15
405,eMBB,0.727,11,0.9038,281.57,0.5
405,URLLC,0.863,16,0.9216,359.13,3.41
405,mMTC,0.414,14,0.9501,84.16,5.13
406,eMBB,0.44,17,0.9854,143.27,3.7
406,URLLC,0.725,11,0.9232,111.45,3.41
406,mMTC,0.418,6,0.9544,154.53,0.41
407,eMBB,0.443,24,0.9634,131.32,10.56
407,URLLC,0.274,12,0.9377,51.46,4.57
407,mMTC,0.497,11,0.9564,55.78,8.04
408,eMBB,0.494,18,0.9072,217.84,7.71
408,URLLC,0.711,24,0.9749,286.67,0.33
408,mMTC,0.218,11,0.9237,29.42,29.55
409,eMBB,0.252,14,0.9311,103.9,0.88
409,URLLC,0.471,12,0.959,58.24,1.84
409,mMTC,0.536,14,0.9749,153.12,2.82
410,eMBB,0.31,13,0.9519,95.02,31.41
410,URLLC,0.796,18,0.9643,185.2,50.18
410,mMTC,0.766,17,0.9851,367.88,12.39
411,eMBB,0.266,23,0.9158,65.04,8.8
411,URLLC,0.23,5,0.9902,63.47,1.01
411,mMTC,0.796,7,0.964,394.15,15.54
412,eMBB,0.324,17,0.9405,33.08,5.44
412,URLLC,0.447,21,0.989,190.71,17.53
412,mMTC,0.39,23,0.9355,48.12,6.7
413,eMBB,0.681,23,0.9415,247.45,26.18
413,URLLC,0.444,17,0.9975,171.23,0.81
413,mMTC,0.808,11,0.9566,88.2,1.96
414,eMBB,0.817,7,0.9228,242.01,3.52
414,URLLC,0.843,10,0.986,120.1,6.26
414,mMTC,0.679,13,0.9018,201.48,33.96
415,eMBB,0.497,17,0.9949,126.02,1.99
415,URLLC,0.453,20,0.9601,156.3,2.63
415,mMTC,0.673,11,0.9197,109.43,25.26
416,eMBB,0.733,24,0.9053,301.14,3.44
416,URLLC,0.238,6,0.9909,55.08,2.41
416,mMTC,0.339,9,0.925,151.98,8.14
417,eMBB,0.558,14,0.951,169.32,1.98
417,URLLC,0.767,5,0.9444,166.15,15.36
417,mMTC,0.67,22,0.904,289.83,25.76
418,eMBB,0.704,18,0.9942,296.37,1.01
418,URLLC,0.358,14,0.9535,178.92,2.76
418,mMTC,0.703,6,0.9408,82.92,1.23
419,eMBB,0.687,7,0.9012,130.52,0.33
419,URLLC,0.373,7,0.9022,175.14,24.05
419,mMTC,0.405,6,0.9384,117.35,4.78
420,eMBB,0.521,24,0.972,141.32,6.18
420,URLLC,0.355,13,0.9888,70.75,0.48
420,mMTC,0.329,5,0.9191,87.17,1.84
421,eMBB,0.734,19,0.9177,142.6,1.35
421,URLLC,0.275,9,0.9053,58.17,6.87
421,mMTC,0.221,11,0.9745,51.77,10.6
422,eMBB,0.216,12,0.9376,31.74,2.03
422,URLLC,0.567,20,0.9105,72.06,19.34
422,mMTC,0.875,9,0.9044,92.82,2.31
423,eMBB,0.423,24,0.9743,97.2,55.33
423,URLLC,0.672,12,0.9517,163.62,1.2
423,mMTC,0.249,6,0.9692,94.3,1.74
424,eMBB,0.406,9,0.9328,158.88,17.18
424,URLLC,0.838,11,0.9482,327.57,8.46
424,mMTC,0.732,5,0.9251,289.93,9.03
425,eMBB,0.249,16,0.9096,95.19,0.1
425,URLLC,0.426,10,0.9237,98.99,7.21
425,mMTC,0.828,11,0.9337,146.89,1.86
426,eMBB,0.714,23,0.9801,191.04,12.43
426,URLLC,0.412,18,0.9415,204.3,29.29
426,mMTC,0.445,24,0.9998,191.16,2.17
427,eMBB,0.743,23,0.97,196.2,1.9
427,URLLC,0.41,7,0.9839,157.09,6.49
427,mMTC,0.254,21,0.9679,102.01,0.43
428,eMBB,0.887,5,0.9534,103.63,0.22
428,URLLC,0.64,16,0.9687,292.08,1.19
428,mMTC,0.435,9,0.9651,200.85,12.31
429,eMBB,0.741,5,0.9021,238.61,4.05
429,URLLC,0.503,6,0.9224,211.13,8.01
429,mMTC,0.784,17,0.9206,354.17,1.31
430,eMBB,0.725,9,0.959,179.67,3.41
430,URLLC,0.422,12,0.9819,197.33,3.96
430,mMTC,0.488,13,0.9799,148.09,2.72
431,eMBB,0.283,17,0.9925,75.16,0.39
431,URLLC,0.381,19,0.928,187.48,1.81
431,mMTC,0.283,24,0.9935,116.75,11.1
432,eMBB,0.45,11,0.9954,199.46,3.77
432,URLLC,0.4,12,0.9274,135.79,1.39
432,mMTC,0.776,6,0.9387,157.31,21.14
433,eMBB,0.475,10,0.9837,236.23,1.75
433,URLLC,0.562,5,0.9022,210.74,4.84
433,mMTC,0.434,24,0.951,180.53,1.74
434,eMBB,0.682,15,0.9213,76.91,5.76
434,URLLC,0.585,15,0.9729,259.31,0.17
434,mMTC,0.296,16,0.9281,48.42,4.08
435,eMBB,0.419,22,0.9552,100.62,17.3
435,URLLC,0.528,23,0.9946,120.56,18.77
435,mMTC,0.24,7,0.9286,78.84,7.73
436,eMBB,0.643,15,0.9805,247.62,3.26
436,URLLC,0.659,11,0.9662,85.58,18.84
436,mMTC,0.247,12,0.9986,28.08,20.55
437,eMBB,0.401,12,0.9579,46.11,9.65
437,URLLC,0.806,16,0.9951,233.91,9.96
437,mMTC,0.641,12,0.9322,91.73,2.87
438,eMBB,0.589,15,0.9051,131.92,5.91
438,URLLC,0.67,19,0.9162,220.39,4.98
438,mMTC,0.694,18,0.9088,94.6,2.83
439,eMBB,0.587,11,0.9973,100.6,0.08
439,URLLC,0.767,14,0.9205,111.25,17.92
439,mMTC,0.223,14,0.91,22.73,5.54
440,eMBB,0.754,21,0.9588,126.48,17.39
440,URLLC,0.878,8,0.9915,178.5,10.5
440,mMTC,0.405,6,0.946,92.96,8.77
441,eMBB,0.254,17,0.9657,106.4,17.21
441,URLLC,0.718,22,0.9141,260.36,3.63
441,mMTC,0.244,17,0.9829,80.46,0.07
442,eMBB,0.46,7,0.9866,119.86,11.87
442,URLLC,0.509,16,0.9306,186.74,9.41
442,mMTC,0.221,18,0.9348,46.42,1.73
443,eMBB,0.438,9,0.9036,183.61,1.73
443,URLLC,0.687,5,0.9118,181.33,7.84
443,mMTC,0.889,21,0.9071,350.89,1.56
444,eMBB,0.756,8,0.9289,287.36,12.59
444,URLLC,0.783,7,0.9597,390.92,9.13
444,mMTC,0.279,7,0.9769,79.51,4.77
445,eMBB,0.709,21,0.9689,220.14,22.43
445,URLLC,0.884,12,0.9926,360.88,2.69
445,mMTC,0.836,11,0.9676,289.17,25.3
446,eMBB,0.465,9,0.9815,219.44,6.09
446,URLLC,0.587,5,0.9268,177.28,9.2
446,mMTC,0.707,15,0.9853,141.57,0.38
447,eMBB,0.419,6,0.9978,107.13,15.7
447,URLLC,0.513,9,0.9969,121.51,8.85
447,mMTC,0.709,13,0.9368,324.3,33.19
448,eMBB,0.827,13,0.919,194.48,1.31
448,URLLC,0.606,8,0.9472,290.17,14.29
448,mMTC,0.301,24,0.9168,76.98,21.58
449,eMBB,0.473,20,0.9918,224.12,0.3
449,URLLC,0.476,22,0.9806,209.5,0.7
449,mMTC,0.624,18,0.9505,295.53,19.78
450,eMBB,0.877,11,0.9775,191.54,5.93
450,URLLC,0.324,15,0.9194,40.85,4.01
450,mMTC,0.363,19,0.9968,47.91,17.18
451,eMBB,0.702,6,0.9245,289.87,6.84
451,URLLC,0.438,21,0.9461,113.28,5.15
451,mMTC,0.493,12,0.9744,180.97,4.75
452,eMBB,0.592,22,0.9209,92.47,3.19
452,URLLC,0.247,16,0.9184,56.37,6.21
452,mMTC,0.343,22,0.9021,156.28,4.83
453,eMBB,0.526,20,0.9536,262.91,2.25
453,URLLC,0.881,24,0.9805,304.16,0.79
453,mMTC,0.408,6,0.9645,187.61,11.28
454,eMBB,0.32,6,0.9238,69.19,0.34
454,URLLC,0.721,7,0.9245,317.51,2.32
454,mMTC,0.623,10,0.9273,302.1,20.23
455,eMBB,0.72,12,0.9175,173.41,0.0
455,URLLC,0.383,14,0.9532,159.7,13.97
455,mMTC,0.434,18,0.9427,122.26,2.41
456,eMBB,0.804,24,0.9039,343.13,6.48
456,URLLC,0.763,20,0.9332,213.63,13.57
456,mMTC,0.626,21,0.9377,207.44,13.03
457,eMBB,0.767,7,0.9115,132.21,16.02
457,URLLC,0.823,10,0.9971,311.72,6.64
457,mMTC,0.224,12,0.9177,83.66,7.73
458,eMBB,0.349,12,0.9146,159.89,0.16
458,URLLC,0.292,20,0.9418,131.23,3.21
458,mMTC,0.506,11,0.9994,178.09,8.31
459,eMBB,0.729,12,0.9681,74.56,10.53
459,URLLC,0.819,24,0.9939,362.97,1.15
459,mMTC,0.685,7,0.9711,144.52,2.02
460,eMBB,0.263,13,0.9073,61.13,17.93
460,URLLC,0.423,7,0.9885,160.76,1.03
460,mMTC,0.54,23,0.9442,257.55,2.49
461,eMBB,0.212,14,0.9169,61.73,23.66
461,URLLC,0.774,14,0.9809,325.03,4.61
461,mMTC,0.722,19,0.9423,284.19,7.05
462,eMBB,0.658,5,0.9724,102.71,1.8
462,URLLC,0.601,19,0.927,134.31,12.89
462,mMTC,0.642,5,0.9086,238.15,0.44
463,eMBB,0.873,7,0.9222,334.19,8.3
463,URLLC,0.404,9,0.9759,63.28,1.98
463,mMTC,0.875,17,0.9505,190.73,0.28
464,eMBB,0.765,17,0.9678,276.52,10.23
464,URLLC,0.413,12,0.9046,56.51,3.81
464,mMTC,0.69,18,0.9935,222.07,6.81
465,eMBB,0.274,24,0.9315,68.09,0.98
465,URLLC,0.327,16,0.9156,158.85,2.04
465,mMTC,0.831,7,0.9619,382.32,0.68
466,eMBB,0.765,20,0.9588,316.01,1.93
466,URLLC,0.206,7,0.9078,89.05,2.0
466,mMTC,0.627,23,0.9786,164.89,5.03
467,eMBB,0.672,19,0.9889,82.87,15.41
467,URLLC,0.451,20,0.918,45.88,0.51
467,mMTC,0.491,11,0.9534,198.95,0.56
468,eMBB,0.457,7,0.9035,207.18,16.11
468,URLLC,0.333,13,0.9397,144.09,8.82
468,mMTC,0.798,19,0.9064,390.38,10.13
469,eMBB,0.603,14,0.9327,230.52,3.73
469,URLLC,0.632,23,0.9438,220.38,1.33
469,mMTC,0.673,14,0.9269,242.61,41.77
470,eMBB,0.791,16,0.9658,279.6,13.1
470,URLLC,0.366,10,0.9658,134.06,0.65
470,mMTC,0.271,24,0.9586,73.92,14.48
471,eMBB,0.73,17,0.985,219.92,6.35
471,URLLC,0.372,15,0.9391,132.59,0.35
471,mMTC,0.339,14,0.9345,98.46,73.34
472,eMBB,0.252,16,0.9873,66.77,3.07
472,URLLC,0.723,12,0.9006,314.11,1.92
472,mMTC,0.385,22,0.9339,84.93,2.15
473,eMBB,0.683,16,0.996,314.92,4.23
473,URLLC,0.36,17,0.9852,126.35,2.54
473,mMTC,0.847,11,0.9163,379.08,2.4
474,eMBB,0.52,6,0.9085,69.1,6.88
474,URLLC,0.523,24,0.9572,66.93,14.9
474,mMTC,0.249,12,0.9627,54.54,7.2
475,eMBB,0.516,12,0.9109,200.57,4.1
475,URLLC,0.836,14,0.9332,184.96,16.41
475,mMTC,0.317,18,0.9862,88.03,20.56
476,eMBB,0.766,10,0.9311,171.88,14.03
476,URLLC,0.319,9,0.969,79.4,18.67
476,mMTC,0.785,13,0.9702,293.74,7.14
477,eMBB,0.248,16,0.951,86.59,15.85
477,URLLC,0.501,5,0.965,140.2,10.6
477,mMTC,0.678,6,0.9651,73.65,2.86
478,eMBB,0.735,21,0.9961,333.57,5.09
478,URLLC,0.683,21,0.9875,257.81,11.1
478,mMTC,0.778,23,0.906,131.28,4.63
479,eMBB,0.712,24,0.9967,323.64,2.81
479,URLLC,0.308,22,0.9837,101.21,4.39
479,mMTC,0.516,11,0.9185,192.8,9.8
480,eMBB,0.419,12,0.9219,95.16,11.57
480,URLLC,0.573,8,0.9059,75.31,19.62
480,mMTC,0.694,24,0.9888,87.94,2.03
481,eMBB,0.656,7,0.9774,257.31,8.75
481,URLLC,0.541,16,0.9193,201.28,3.94
481,mMTC,0.81,17,0.9337,326.48,0.66
482,eMBB,0.325,6,0.9106,97.52,0.97
482,URLLC,0.488,14,0.9767,193.38,6.14
482,mMTC,0.816,16,0.9513,297.6,5.76
483,eMBB,0.634,19,0.9294,171.96,4.51
483,URLLC,0.751,10,0.9161,231.11,18.95
483,mMTC,0.279,18,0.9561,113.8,1.35
484,eMBB,0.586,6,0.9684,146.47,11.37
484,URLLC,0.436,19,0.9395,71.44,3.28
484,mMTC,0.376,12,0.9138,39.34,17.45
485,eMBB,0.675,9,0.9402,292.08,9.2
485,URLLC,0.3,7,0.961,55.85,11.53
485,mMTC,0.753,21,0.9196,77.23,8.37
486,eMBB,0.867,5,0.9539,105.91,13.79
486,URLLC,0.355,6,0.9264,152.29,4.13
486,mMTC,0.247,22,0.9893,57.04,1.23
487,eMBB,0.406,17,0.9806,118.53,5.16
487,URLLC,0.736,18,0.9473,168.1,3.59
487,mMTC,0.743,11,0.9066,150.84,7.39
488,eMBB,0.279,21,0.9198,38.21,6.22
488,URLLC,0.775,21,0.9759,269.94,11.46
488,mMTC,0.246,16,0.9247,118.16,4.13
489,eMBB,0.424,11,0.9102,124.63,3.49
489,URLLC,0.643,18,0.918,81.9,6.09
489,mMTC,0.861,22,0.9827,219.71,16.85
490,eMBB,0.332,16,0.9571,142.36,12.72
490,URLLC,0.441,5,0.9486,72.02,1.19
490,mMTC,0.334,17,0.9041,77.85,14.86
491,eMBB,0.33,24,0.9931,133.7,5.82
491,URLLC,0.201,23,0.9054,48.84,4.96
491,mMTC,0.704,18,0.9136,326.19,2.36
492,eMBB,0.479,6,0.9844,144.51,3.43
492,URLLC,0.333,7,0.9616,106.36,3.22
492,mMTC,0.665,10,0.9324,79.69,1.03
493,eMBB,0.756,23,0.9165,215.87,3.42
493,URLLC,0.786,15,0.9418,231.11,5.35
493,mMTC,0.622,22,0.9239,266.66,0.91
494,eMBB,0.559,16,0.9047,141.15,9.06
494,URLLC,0.378,7,0.9038,136.4,7.7
494,mMTC,0.655,23,0.9158,65.6,14.46
495,eMBB,0.469,12,0.9655,105.66,20.37
495,URLLC,0.786,5,0.9896,176.48,13.84
495,mMTC,0.377,12,0.9495,148.05,2.59
496,eMBB,0.351,11,0.9088,61.28,10.45
496,URLLC,0.34,8,0.9508,62.6,9.87
496,mMTC,0.813,23,0.9522,216.81,22.59
497,eMBB,0.609,22,0.9148,119.91,13.13
497,URLLC,0.567,14,0.9747,104.37,1.01
497,mMTC,0.547,23,0.9658,211.58,3.77
498,eMBB,0.538,14,0.9685,157.24,4.84
498,URLLC,0.805,11,0.9047,195.72,5.8
498,mMTC,0.485,24,0.9379,190.35,0.51
499,eMBB,0.496,7,0.9606,173.79,31.63
499,URLLC,0.597,12,0.9098,157.01,0.43
499,mMTC,0.449,5,0.9727,177.78,2.45
